TimeStamp,Decrypted
28/11/2020 19:22:57,43
28/11/2020 19:22:57,43
28/11/2020 19:23:44,38
28/11/2020 19:22:57,43
28/11/2020 19:23:44,38
28/11/2020 19:24:04,11
28/11/2020 19:24:45,36
28/11/2020 19:24:45,36
28/11/2020 19:25:05,21
28/11/2020 19:24:45,36
28/11/2020 19:25:05,21
28/11/2020 19:25:45,23
28/11/2020 19:24:45,36
28/11/2020 19:25:05,21
28/11/2020 19:25:45,23
28/11/2020 19:26:06,26
28/11/2020 19:24:45,36
28/11/2020 19:25:05,21
28/11/2020 19:25:45,23
28/11/2020 19:26:06,26
28/11/2020 19:26:46,37
28/11/2020 19:24:45,36
28/11/2020 19:25:05,21
28/11/2020 19:25:45,23
28/11/2020 19:26:06,26
28/11/2020 19:26:46,37
28/11/2020 19:27:06,30
28/11/2020 19:24:45,36
28/11/2020 19:25:05,21
28/11/2020 19:25:45,23
28/11/2020 19:26:06,26
28/11/2020 19:26:46,37
28/11/2020 19:27:06,30
28/11/2020 19:27:47,26
28/11/2020 19:24:45,36
28/11/2020 19:25:05,21
28/11/2020 19:25:45,23
28/11/2020 19:26:06,26
28/11/2020 19:26:46,37
28/11/2020 19:27:06,30
28/11/2020 19:27:47,26
28/11/2020 19:28:07,1
28/11/2020 19:24:45,36
28/11/2020 19:25:05,21
28/11/2020 19:25:45,23
28/11/2020 19:26:06,26
28/11/2020 19:26:46,37
28/11/2020 19:27:06,30
28/11/2020 19:27:47,26
28/11/2020 19:28:07,1
28/11/2020 19:28:48,22
28/11/2020 19:24:45,36
28/11/2020 19:25:05,21
28/11/2020 19:25:45,23
28/11/2020 19:26:06,26
28/11/2020 19:26:46,37
28/11/2020 19:27:06,30
28/11/2020 19:27:47,26
28/11/2020 19:28:07,1
28/11/2020 19:28:48,22
28/11/2020 19:29:08,12
28/11/2020 19:24:45,36
28/11/2020 19:25:05,21
28/11/2020 19:25:45,23
28/11/2020 19:26:06,26
28/11/2020 19:26:46,37
28/11/2020 19:27:06,30
28/11/2020 19:27:47,26
28/11/2020 19:28:07,1
28/11/2020 19:28:48,22
28/11/2020 19:29:08,12
28/11/2020 19:29:48,22
28/11/2020 19:24:45,36
28/11/2020 19:25:05,21
28/11/2020 19:25:45,23
28/11/2020 19:26:06,26
28/11/2020 19:26:46,37
28/11/2020 19:27:06,30
28/11/2020 19:27:47,26
28/11/2020 19:28:07,1
28/11/2020 19:28:48,22
28/11/2020 19:29:08,12
28/11/2020 19:29:48,22
28/11/2020 19:30:09,46
28/11/2020 19:51:47,1
28/11/2020 19:51:47,1
28/11/2020 19:52:08,20
28/11/2020 19:51:47,1
28/11/2020 19:52:08,20
28/11/2020 19:52:48,47
28/11/2020 19:51:47,1
28/11/2020 19:52:08,20
28/11/2020 19:52:48,47
28/11/2020 19:53:09,0
28/11/2020 19:51:47,1
28/11/2020 19:52:08,20
28/11/2020 19:52:48,47
28/11/2020 19:53:09,0
28/11/2020 19:53:49,44
28/11/2020 19:51:47,1
28/11/2020 19:52:08,20
28/11/2020 19:52:48,47
28/11/2020 19:53:09,0
28/11/2020 19:53:49,44
28/11/2020 19:54:09,36
28/11/2020 19:51:47,1
28/11/2020 19:52:08,20
28/11/2020 19:52:48,47
28/11/2020 19:53:09,0
28/11/2020 19:53:49,44
28/11/2020 19:54:09,36
28/11/2020 19:54:50,19
28/11/2020 19:51:47,1
28/11/2020 19:52:08,20
28/11/2020 19:52:48,47
28/11/2020 19:53:09,0
28/11/2020 19:53:49,44
28/11/2020 19:54:09,36
28/11/2020 19:54:50,19
28/11/2020 19:55:10,7
28/11/2020 19:51:47,1
28/11/2020 19:52:08,20
28/11/2020 19:52:48,47
28/11/2020 19:53:09,0
28/11/2020 19:53:49,44
28/11/2020 19:54:09,36
28/11/2020 19:54:50,19
28/11/2020 19:55:10,7
28/11/2020 19:55:50,28
28/11/2020 19:51:47,1
28/11/2020 19:52:08,20
28/11/2020 19:52:48,47
28/11/2020 19:53:09,0
28/11/2020 19:53:49,44
28/11/2020 19:54:09,36
28/11/2020 19:54:50,19
28/11/2020 19:55:10,7
28/11/2020 19:55:50,28
28/11/2020 19:56:11,18
28/11/2020 19:51:47,1
28/11/2020 19:52:08,20
28/11/2020 19:52:48,47
28/11/2020 19:53:09,0
28/11/2020 19:53:49,44
28/11/2020 19:54:09,36
28/11/2020 19:54:50,19
28/11/2020 19:55:10,7
28/11/2020 19:55:50,28
28/11/2020 19:56:11,18
28/11/2020 19:56:52,38
28/11/2020 19:51:47,1
28/11/2020 19:52:08,20
28/11/2020 19:52:48,47
28/11/2020 19:53:09,0
28/11/2020 19:53:49,44
28/11/2020 19:54:09,36
28/11/2020 19:54:50,19
28/11/2020 19:55:10,7
28/11/2020 19:55:50,28
28/11/2020 19:56:11,18
28/11/2020 19:56:52,38
28/11/2020 19:57:11,23
28/11/2020 19:51:47,1
28/11/2020 19:52:08,20
28/11/2020 19:52:48,47
28/11/2020 19:53:09,0
28/11/2020 19:53:49,44
28/11/2020 19:54:09,36
28/11/2020 19:54:50,19
28/11/2020 19:55:10,7
28/11/2020 19:55:50,28
28/11/2020 19:56:11,18
28/11/2020 19:56:52,38
28/11/2020 19:57:11,23
28/11/2020 19:57:52,29
28/11/2020 19:51:47,1
28/11/2020 19:52:08,20
28/11/2020 19:52:48,47
28/11/2020 19:53:09,0
28/11/2020 19:53:49,44
28/11/2020 19:54:09,36
28/11/2020 19:54:50,19
28/11/2020 19:55:10,7
28/11/2020 19:55:50,28
28/11/2020 19:56:11,18
28/11/2020 19:56:52,38
28/11/2020 19:57:11,23
28/11/2020 19:57:52,29
28/11/2020 19:58:12,27
28/11/2020 19:51:47,1
28/11/2020 19:52:08,20
28/11/2020 19:52:48,47
28/11/2020 19:53:09,0
28/11/2020 19:53:49,44
28/11/2020 19:54:09,36
28/11/2020 19:54:50,19
28/11/2020 19:55:10,7
28/11/2020 19:55:50,28
28/11/2020 19:56:11,18
28/11/2020 19:56:52,38
28/11/2020 19:57:11,23
28/11/2020 19:57:52,29
28/11/2020 19:58:12,27
28/11/2020 19:58:53,18
28/11/2020 19:51:47,1
28/11/2020 19:52:08,20
28/11/2020 19:52:48,47
28/11/2020 19:53:09,0
28/11/2020 19:53:49,44
28/11/2020 19:54:09,36
28/11/2020 19:54:50,19
28/11/2020 19:55:10,7
28/11/2020 19:55:50,28
28/11/2020 19:56:11,18
28/11/2020 19:56:52,38
28/11/2020 19:57:11,23
28/11/2020 19:57:52,29
28/11/2020 19:58:12,27
28/11/2020 19:58:53,18
28/11/2020 19:59:13,0
28/11/2020 19:51:47,1
28/11/2020 19:52:08,20
28/11/2020 19:52:48,47
28/11/2020 19:53:09,0
28/11/2020 19:53:49,44
28/11/2020 19:54:09,36
28/11/2020 19:54:50,19
28/11/2020 19:55:10,7
28/11/2020 19:55:50,28
28/11/2020 19:56:11,18
28/11/2020 19:56:52,38
28/11/2020 19:57:11,23
28/11/2020 19:57:52,29
28/11/2020 19:58:12,27
28/11/2020 19:58:53,18
28/11/2020 19:59:13,0
28/11/2020 19:59:54,13
28/11/2020 19:51:47,1
28/11/2020 19:52:08,20
28/11/2020 19:52:48,47
28/11/2020 19:53:09,0
28/11/2020 19:53:49,44
28/11/2020 19:54:09,36
28/11/2020 19:54:50,19
28/11/2020 19:55:10,7
28/11/2020 19:55:50,28
28/11/2020 19:56:11,18
28/11/2020 19:56:52,38
28/11/2020 19:57:11,23
28/11/2020 19:57:52,29
28/11/2020 19:58:12,27
28/11/2020 19:58:53,18
28/11/2020 19:59:13,0
28/11/2020 19:59:54,13
28/11/2020 20:00:14,12
28/11/2020 19:51:47,1
28/11/2020 19:52:08,20
28/11/2020 19:52:48,47
28/11/2020 19:53:09,0
28/11/2020 19:53:49,44
28/11/2020 19:54:09,36
28/11/2020 19:54:50,19
28/11/2020 19:55:10,7
28/11/2020 19:55:50,28
28/11/2020 19:56:11,18
28/11/2020 19:56:52,38
28/11/2020 19:57:11,23
28/11/2020 19:57:52,29
28/11/2020 19:58:12,27
28/11/2020 19:58:53,18
28/11/2020 19:59:13,0
28/11/2020 19:59:54,13
28/11/2020 20:00:14,12
28/11/2020 20:00:54,49
28/11/2020 19:51:47,1
28/11/2020 19:52:08,20
28/11/2020 19:52:48,47
28/11/2020 19:53:09,0
28/11/2020 19:53:49,44
28/11/2020 19:54:09,36
28/11/2020 19:54:50,19
28/11/2020 19:55:10,7
28/11/2020 19:55:50,28
28/11/2020 19:56:11,18
28/11/2020 19:56:52,38
28/11/2020 19:57:11,23
28/11/2020 19:57:52,29
28/11/2020 19:58:12,27
28/11/2020 19:58:53,18
28/11/2020 19:59:13,0
28/11/2020 19:59:54,13
28/11/2020 20:00:14,12
28/11/2020 20:00:54,49
28/11/2020 20:01:15,41
28/11/2020 19:51:47,1
28/11/2020 19:52:08,20
28/11/2020 19:52:48,47
28/11/2020 19:53:09,0
28/11/2020 19:53:49,44
28/11/2020 19:54:09,36
28/11/2020 19:54:50,19
28/11/2020 19:55:10,7
28/11/2020 19:55:50,28
28/11/2020 19:56:11,18
28/11/2020 19:56:52,38
28/11/2020 19:57:11,23
28/11/2020 19:57:52,29
28/11/2020 19:58:12,27
28/11/2020 19:58:53,18
28/11/2020 19:59:13,0
28/11/2020 19:59:54,13
28/11/2020 20:00:14,12
28/11/2020 20:00:54,49
28/11/2020 20:01:15,41
28/11/2020 20:01:55,15
28/11/2020 19:51:47,1
28/11/2020 19:52:08,20
28/11/2020 19:52:48,47
28/11/2020 19:53:09,0
28/11/2020 19:53:49,44
28/11/2020 19:54:09,36
28/11/2020 19:54:50,19
28/11/2020 19:55:10,7
28/11/2020 19:55:50,28
28/11/2020 19:56:11,18
28/11/2020 19:56:52,38
28/11/2020 19:57:11,23
28/11/2020 19:57:52,29
28/11/2020 19:58:12,27
28/11/2020 19:58:53,18
28/11/2020 19:59:13,0
28/11/2020 19:59:54,13
28/11/2020 20:00:14,12
28/11/2020 20:00:54,49
28/11/2020 20:01:15,41
28/11/2020 20:01:55,15
28/11/2020 20:02:15,28
28/11/2020 19:51:47,1
28/11/2020 19:52:08,20
28/11/2020 19:52:48,47
28/11/2020 19:53:09,0
28/11/2020 19:53:49,44
28/11/2020 19:54:09,36
28/11/2020 19:54:50,19
28/11/2020 19:55:10,7
28/11/2020 19:55:50,28
28/11/2020 19:56:11,18
28/11/2020 19:56:52,38
28/11/2020 19:57:11,23
28/11/2020 19:57:52,29
28/11/2020 19:58:12,27
28/11/2020 19:58:53,18
28/11/2020 19:59:13,0
28/11/2020 19:59:54,13
28/11/2020 20:00:14,12
28/11/2020 20:00:54,49
28/11/2020 20:01:15,41
28/11/2020 20:01:55,15
28/11/2020 20:02:15,28
28/11/2020 20:02:56,35
28/11/2020 19:51:47,1
28/11/2020 19:52:08,20
28/11/2020 19:52:48,47
28/11/2020 19:53:09,0
28/11/2020 19:53:49,44
28/11/2020 19:54:09,36
28/11/2020 19:54:50,19
28/11/2020 19:55:10,7
28/11/2020 19:55:50,28
28/11/2020 19:56:11,18
28/11/2020 19:56:52,38
28/11/2020 19:57:11,23
28/11/2020 19:57:52,29
28/11/2020 19:58:12,27
28/11/2020 19:58:53,18
28/11/2020 19:59:13,0
28/11/2020 19:59:54,13
28/11/2020 20:00:14,12
28/11/2020 20:00:54,49
28/11/2020 20:01:15,41
28/11/2020 20:01:55,15
28/11/2020 20:02:15,28
28/11/2020 20:02:56,35
28/11/2020 20:03:16,22
28/11/2020 19:51:47,1
28/11/2020 19:52:08,20
28/11/2020 19:52:48,47
28/11/2020 19:53:09,0
28/11/2020 19:53:49,44
28/11/2020 19:54:09,36
28/11/2020 19:54:50,19
28/11/2020 19:55:10,7
28/11/2020 19:55:50,28
28/11/2020 19:56:11,18
28/11/2020 19:56:52,38
28/11/2020 19:57:11,23
28/11/2020 19:57:52,29
28/11/2020 19:58:12,27
28/11/2020 19:58:53,18
28/11/2020 19:59:13,0
28/11/2020 19:59:54,13
28/11/2020 20:00:14,12
28/11/2020 20:00:54,49
28/11/2020 20:01:15,41
28/11/2020 20:01:55,15
28/11/2020 20:02:15,28
28/11/2020 20:02:56,35
28/11/2020 20:03:16,22
28/11/2020 20:03:56,10
28/11/2020 19:51:47,1
28/11/2020 19:52:08,20
28/11/2020 19:52:48,47
28/11/2020 19:53:09,0
28/11/2020 19:53:49,44
28/11/2020 19:54:09,36
28/11/2020 19:54:50,19
28/11/2020 19:55:10,7
28/11/2020 19:55:50,28
28/11/2020 19:56:11,18
28/11/2020 19:56:52,38
28/11/2020 19:57:11,23
28/11/2020 19:57:52,29
28/11/2020 19:58:12,27
28/11/2020 19:58:53,18
28/11/2020 19:59:13,0
28/11/2020 19:59:54,13
28/11/2020 20:00:14,12
28/11/2020 20:00:54,49
28/11/2020 20:01:15,41
28/11/2020 20:01:55,15
28/11/2020 20:02:15,28
28/11/2020 20:02:56,35
28/11/2020 20:03:16,22
28/11/2020 20:03:56,10
28/11/2020 20:04:17,33
28/11/2020 19:51:47,1
28/11/2020 19:52:08,20
28/11/2020 19:52:48,47
28/11/2020 19:53:09,0
28/11/2020 19:53:49,44
28/11/2020 19:54:09,36
28/11/2020 19:54:50,19
28/11/2020 19:55:10,7
28/11/2020 19:55:50,28
28/11/2020 19:56:11,18
28/11/2020 19:56:52,38
28/11/2020 19:57:11,23
28/11/2020 19:57:52,29
28/11/2020 19:58:12,27
28/11/2020 19:58:53,18
28/11/2020 19:59:13,0
28/11/2020 19:59:54,13
28/11/2020 20:00:14,12
28/11/2020 20:00:54,49
28/11/2020 20:01:15,41
28/11/2020 20:01:55,15
28/11/2020 20:02:15,28
28/11/2020 20:02:56,35
28/11/2020 20:03:16,22
28/11/2020 20:03:56,10
28/11/2020 20:04:17,33
28/11/2020 20:04:57,0
28/11/2020 19:51:47,1
28/11/2020 19:52:08,20
28/11/2020 19:52:48,47
28/11/2020 19:53:09,0
28/11/2020 19:53:49,44
28/11/2020 19:54:09,36
28/11/2020 19:54:50,19
28/11/2020 19:55:10,7
28/11/2020 19:55:50,28
28/11/2020 19:56:11,18
28/11/2020 19:56:52,38
28/11/2020 19:57:11,23
28/11/2020 19:57:52,29
28/11/2020 19:58:12,27
28/11/2020 19:58:53,18
28/11/2020 19:59:13,0
28/11/2020 19:59:54,13
28/11/2020 20:00:14,12
28/11/2020 20:00:54,49
28/11/2020 20:01:15,41
28/11/2020 20:01:55,15
28/11/2020 20:02:15,28
28/11/2020 20:02:56,35
28/11/2020 20:03:16,22
28/11/2020 20:03:56,10
28/11/2020 20:04:17,33
28/11/2020 20:04:57,0
28/11/2020 20:05:17,15
28/11/2020 19:51:47,1
28/11/2020 19:52:08,20
28/11/2020 19:52:48,47
28/11/2020 19:53:09,0
28/11/2020 19:53:49,44
28/11/2020 19:54:09,36
28/11/2020 19:54:50,19
28/11/2020 19:55:10,7
28/11/2020 19:55:50,28
28/11/2020 19:56:11,18
28/11/2020 19:56:52,38
28/11/2020 19:57:11,23
28/11/2020 19:57:52,29
28/11/2020 19:58:12,27
28/11/2020 19:58:53,18
28/11/2020 19:59:13,0
28/11/2020 19:59:54,13
28/11/2020 20:00:14,12
28/11/2020 20:00:54,49
28/11/2020 20:01:15,41
28/11/2020 20:01:55,15
28/11/2020 20:02:15,28
28/11/2020 20:02:56,35
28/11/2020 20:03:16,22
28/11/2020 20:03:56,10
28/11/2020 20:04:17,33
28/11/2020 20:04:57,0
28/11/2020 20:05:17,15
28/11/2020 20:05:58,32
28/11/2020 19:51:47,1
28/11/2020 19:52:08,20
28/11/2020 19:52:48,47
28/11/2020 19:53:09,0
28/11/2020 19:53:49,44
28/11/2020 19:54:09,36
28/11/2020 19:54:50,19
28/11/2020 19:55:10,7
28/11/2020 19:55:50,28
28/11/2020 19:56:11,18
28/11/2020 19:56:52,38
28/11/2020 19:57:11,23
28/11/2020 19:57:52,29
28/11/2020 19:58:12,27
28/11/2020 19:58:53,18
28/11/2020 19:59:13,0
28/11/2020 19:59:54,13
28/11/2020 20:00:14,12
28/11/2020 20:00:54,49
28/11/2020 20:01:15,41
28/11/2020 20:01:55,15
28/11/2020 20:02:15,28
28/11/2020 20:02:56,35
28/11/2020 20:03:16,22
28/11/2020 20:03:56,10
28/11/2020 20:04:17,33
28/11/2020 20:04:57,0
28/11/2020 20:05:17,15
28/11/2020 20:05:58,32
28/11/2020 20:06:18,2
28/11/2020 19:51:47,1
28/11/2020 19:52:08,20
28/11/2020 19:52:48,47
28/11/2020 19:53:09,0
28/11/2020 19:53:49,44
28/11/2020 19:54:09,36
28/11/2020 19:54:50,19
28/11/2020 19:55:10,7
28/11/2020 19:55:50,28
28/11/2020 19:56:11,18
28/11/2020 19:56:52,38
28/11/2020 19:57:11,23
28/11/2020 19:57:52,29
28/11/2020 19:58:12,27
28/11/2020 19:58:53,18
28/11/2020 19:59:13,0
28/11/2020 19:59:54,13
28/11/2020 20:00:14,12
28/11/2020 20:00:54,49
28/11/2020 20:01:15,41
28/11/2020 20:01:55,15
28/11/2020 20:02:15,28
28/11/2020 20:02:56,35
28/11/2020 20:03:16,22
28/11/2020 20:03:56,10
28/11/2020 20:04:17,33
28/11/2020 20:04:57,0
28/11/2020 20:05:17,15
28/11/2020 20:05:58,32
28/11/2020 20:06:18,2
28/11/2020 20:06:59,33
28/11/2020 19:51:47,1
28/11/2020 19:52:08,20
28/11/2020 19:52:48,47
28/11/2020 19:53:09,0
28/11/2020 19:53:49,44
28/11/2020 19:54:09,36
28/11/2020 19:54:50,19
28/11/2020 19:55:10,7
28/11/2020 19:55:50,28
28/11/2020 19:56:11,18
28/11/2020 19:56:52,38
28/11/2020 19:57:11,23
28/11/2020 19:57:52,29
28/11/2020 19:58:12,27
28/11/2020 19:58:53,18
28/11/2020 19:59:13,0
28/11/2020 19:59:54,13
28/11/2020 20:00:14,12
28/11/2020 20:00:54,49
28/11/2020 20:01:15,41
28/11/2020 20:01:55,15
28/11/2020 20:02:15,28
28/11/2020 20:02:56,35
28/11/2020 20:03:16,22
28/11/2020 20:03:56,10
28/11/2020 20:04:17,33
28/11/2020 20:04:57,0
28/11/2020 20:05:17,15
28/11/2020 20:05:58,32
28/11/2020 20:06:18,2
28/11/2020 20:06:59,33
28/11/2020 20:07:19,11
28/11/2020 19:51:47,1
28/11/2020 19:52:08,20
28/11/2020 19:52:48,47
28/11/2020 19:53:09,0
28/11/2020 19:53:49,44
28/11/2020 19:54:09,36
28/11/2020 19:54:50,19
28/11/2020 19:55:10,7
28/11/2020 19:55:50,28
28/11/2020 19:56:11,18
28/11/2020 19:56:52,38
28/11/2020 19:57:11,23
28/11/2020 19:57:52,29
28/11/2020 19:58:12,27
28/11/2020 19:58:53,18
28/11/2020 19:59:13,0
28/11/2020 19:59:54,13
28/11/2020 20:00:14,12
28/11/2020 20:00:54,49
28/11/2020 20:01:15,41
28/11/2020 20:01:55,15
28/11/2020 20:02:15,28
28/11/2020 20:02:56,35
28/11/2020 20:03:16,22
28/11/2020 20:03:56,10
28/11/2020 20:04:17,33
28/11/2020 20:04:57,0
28/11/2020 20:05:17,15
28/11/2020 20:05:58,32
28/11/2020 20:06:18,2
28/11/2020 20:06:59,33
28/11/2020 20:07:19,11
28/11/2020 20:07:59,38
28/11/2020 19:51:47,1
28/11/2020 19:52:08,20
28/11/2020 19:52:48,47
28/11/2020 19:53:09,0
28/11/2020 19:53:49,44
28/11/2020 19:54:09,36
28/11/2020 19:54:50,19
28/11/2020 19:55:10,7
28/11/2020 19:55:50,28
28/11/2020 19:56:11,18
28/11/2020 19:56:52,38
28/11/2020 19:57:11,23
28/11/2020 19:57:52,29
28/11/2020 19:58:12,27
28/11/2020 19:58:53,18
28/11/2020 19:59:13,0
28/11/2020 19:59:54,13
28/11/2020 20:00:14,12
28/11/2020 20:00:54,49
28/11/2020 20:01:15,41
28/11/2020 20:01:55,15
28/11/2020 20:02:15,28
28/11/2020 20:02:56,35
28/11/2020 20:03:16,22
28/11/2020 20:03:56,10
28/11/2020 20:04:17,33
28/11/2020 20:04:57,0
28/11/2020 20:05:17,15
28/11/2020 20:05:58,32
28/11/2020 20:06:18,2
28/11/2020 20:06:59,33
28/11/2020 20:07:19,11
28/11/2020 20:07:59,38
28/11/2020 20:08:20,39
28/11/2020 19:51:47,1
28/11/2020 19:52:08,20
28/11/2020 19:52:48,47
28/11/2020 19:53:09,0
28/11/2020 19:53:49,44
28/11/2020 19:54:09,36
28/11/2020 19:54:50,19
28/11/2020 19:55:10,7
28/11/2020 19:55:50,28
28/11/2020 19:56:11,18
28/11/2020 19:56:52,38
28/11/2020 19:57:11,23
28/11/2020 19:57:52,29
28/11/2020 19:58:12,27
28/11/2020 19:58:53,18
28/11/2020 19:59:13,0
28/11/2020 19:59:54,13
28/11/2020 20:00:14,12
28/11/2020 20:00:54,49
28/11/2020 20:01:15,41
28/11/2020 20:01:55,15
28/11/2020 20:02:15,28
28/11/2020 20:02:56,35
28/11/2020 20:03:16,22
28/11/2020 20:03:56,10
28/11/2020 20:04:17,33
28/11/2020 20:04:57,0
28/11/2020 20:05:17,15
28/11/2020 20:05:58,32
28/11/2020 20:06:18,2
28/11/2020 20:06:59,33
28/11/2020 20:07:19,11
28/11/2020 20:07:59,38
28/11/2020 20:08:20,39
28/11/2020 20:09:00,37
28/11/2020 19:51:47,1
28/11/2020 19:52:08,20
28/11/2020 19:52:48,47
28/11/2020 19:53:09,0
28/11/2020 19:53:49,44
28/11/2020 19:54:09,36
28/11/2020 19:54:50,19
28/11/2020 19:55:10,7
28/11/2020 19:55:50,28
28/11/2020 19:56:11,18
28/11/2020 19:56:52,38
28/11/2020 19:57:11,23
28/11/2020 19:57:52,29
28/11/2020 19:58:12,27
28/11/2020 19:58:53,18
28/11/2020 19:59:13,0
28/11/2020 19:59:54,13
28/11/2020 20:00:14,12
28/11/2020 20:00:54,49
28/11/2020 20:01:15,41
28/11/2020 20:01:55,15
28/11/2020 20:02:15,28
28/11/2020 20:02:56,35
28/11/2020 20:03:16,22
28/11/2020 20:03:56,10
28/11/2020 20:04:17,33
28/11/2020 20:04:57,0
28/11/2020 20:05:17,15
28/11/2020 20:05:58,32
28/11/2020 20:06:18,2
28/11/2020 20:06:59,33
28/11/2020 20:07:19,11
28/11/2020 20:07:59,38
28/11/2020 20:08:20,39
28/11/2020 20:09:00,37
28/11/2020 20:09:20,42
28/11/2020 19:51:47,1
28/11/2020 19:52:08,20
28/11/2020 19:52:48,47
28/11/2020 19:53:09,0
28/11/2020 19:53:49,44
28/11/2020 19:54:09,36
28/11/2020 19:54:50,19
28/11/2020 19:55:10,7
28/11/2020 19:55:50,28
28/11/2020 19:56:11,18
28/11/2020 19:56:52,38
28/11/2020 19:57:11,23
28/11/2020 19:57:52,29
28/11/2020 19:58:12,27
28/11/2020 19:58:53,18
28/11/2020 19:59:13,0
28/11/2020 19:59:54,13
28/11/2020 20:00:14,12
28/11/2020 20:00:54,49
28/11/2020 20:01:15,41
28/11/2020 20:01:55,15
28/11/2020 20:02:15,28
28/11/2020 20:02:56,35
28/11/2020 20:03:16,22
28/11/2020 20:03:56,10
28/11/2020 20:04:17,33
28/11/2020 20:04:57,0
28/11/2020 20:05:17,15
28/11/2020 20:05:58,32
28/11/2020 20:06:18,2
28/11/2020 20:06:59,33
28/11/2020 20:07:19,11
28/11/2020 20:07:59,38
28/11/2020 20:08:20,39
28/11/2020 20:09:00,37
28/11/2020 20:09:20,42
28/11/2020 20:10:01,14
28/11/2020 19:51:47,1
28/11/2020 19:52:08,20
28/11/2020 19:52:48,47
28/11/2020 19:53:09,0
28/11/2020 19:53:49,44
28/11/2020 19:54:09,36
28/11/2020 19:54:50,19
28/11/2020 19:55:10,7
28/11/2020 19:55:50,28
28/11/2020 19:56:11,18
28/11/2020 19:56:52,38
28/11/2020 19:57:11,23
28/11/2020 19:57:52,29
28/11/2020 19:58:12,27
28/11/2020 19:58:53,18
28/11/2020 19:59:13,0
28/11/2020 19:59:54,13
28/11/2020 20:00:14,12
28/11/2020 20:00:54,49
28/11/2020 20:01:15,41
28/11/2020 20:01:55,15
28/11/2020 20:02:15,28
28/11/2020 20:02:56,35
28/11/2020 20:03:16,22
28/11/2020 20:03:56,10
28/11/2020 20:04:17,33
28/11/2020 20:04:57,0
28/11/2020 20:05:17,15
28/11/2020 20:05:58,32
28/11/2020 20:06:18,2
28/11/2020 20:06:59,33
28/11/2020 20:07:19,11
28/11/2020 20:07:59,38
28/11/2020 20:08:20,39
28/11/2020 20:09:00,37
28/11/2020 20:09:20,42
28/11/2020 20:10:01,14
28/11/2020 20:10:21,13
28/11/2020 19:51:47,1
28/11/2020 19:52:08,20
28/11/2020 19:52:48,47
28/11/2020 19:53:09,0
28/11/2020 19:53:49,44
28/11/2020 19:54:09,36
28/11/2020 19:54:50,19
28/11/2020 19:55:10,7
28/11/2020 19:55:50,28
28/11/2020 19:56:11,18
28/11/2020 19:56:52,38
28/11/2020 19:57:11,23
28/11/2020 19:57:52,29
28/11/2020 19:58:12,27
28/11/2020 19:58:53,18
28/11/2020 19:59:13,0
28/11/2020 19:59:54,13
28/11/2020 20:00:14,12
28/11/2020 20:00:54,49
28/11/2020 20:01:15,41
28/11/2020 20:01:55,15
28/11/2020 20:02:15,28
28/11/2020 20:02:56,35
28/11/2020 20:03:16,22
28/11/2020 20:03:56,10
28/11/2020 20:04:17,33
28/11/2020 20:04:57,0
28/11/2020 20:05:17,15
28/11/2020 20:05:58,32
28/11/2020 20:06:18,2
28/11/2020 20:06:59,33
28/11/2020 20:07:19,11
28/11/2020 20:07:59,38
28/11/2020 20:08:20,39
28/11/2020 20:09:00,37
28/11/2020 20:09:20,42
28/11/2020 20:10:01,14
28/11/2020 20:10:21,13
28/11/2020 20:11:02,38
28/11/2020 19:51:47,1
28/11/2020 19:52:08,20
28/11/2020 19:52:48,47
28/11/2020 19:53:09,0
28/11/2020 19:53:49,44
28/11/2020 19:54:09,36
28/11/2020 19:54:50,19
28/11/2020 19:55:10,7
28/11/2020 19:55:50,28
28/11/2020 19:56:11,18
28/11/2020 19:56:52,38
28/11/2020 19:57:11,23
28/11/2020 19:57:52,29
28/11/2020 19:58:12,27
28/11/2020 19:58:53,18
28/11/2020 19:59:13,0
28/11/2020 19:59:54,13
28/11/2020 20:00:14,12
28/11/2020 20:00:54,49
28/11/2020 20:01:15,41
28/11/2020 20:01:55,15
28/11/2020 20:02:15,28
28/11/2020 20:02:56,35
28/11/2020 20:03:16,22
28/11/2020 20:03:56,10
28/11/2020 20:04:17,33
28/11/2020 20:04:57,0
28/11/2020 20:05:17,15
28/11/2020 20:05:58,32
28/11/2020 20:06:18,2
28/11/2020 20:06:59,33
28/11/2020 20:07:19,11
28/11/2020 20:07:59,38
28/11/2020 20:08:20,39
28/11/2020 20:09:00,37
28/11/2020 20:09:20,42
28/11/2020 20:10:01,14
28/11/2020 20:10:21,13
28/11/2020 20:11:02,38
28/11/2020 20:11:22,43
28/11/2020 19:51:47,1
28/11/2020 19:52:08,20
28/11/2020 19:52:48,47
28/11/2020 19:53:09,0
28/11/2020 19:53:49,44
28/11/2020 19:54:09,36
28/11/2020 19:54:50,19
28/11/2020 19:55:10,7
28/11/2020 19:55:50,28
28/11/2020 19:56:11,18
28/11/2020 19:56:52,38
28/11/2020 19:57:11,23
28/11/2020 19:57:52,29
28/11/2020 19:58:12,27
28/11/2020 19:58:53,18
28/11/2020 19:59:13,0
28/11/2020 19:59:54,13
28/11/2020 20:00:14,12
28/11/2020 20:00:54,49
28/11/2020 20:01:15,41
28/11/2020 20:01:55,15
28/11/2020 20:02:15,28
28/11/2020 20:02:56,35
28/11/2020 20:03:16,22
28/11/2020 20:03:56,10
28/11/2020 20:04:17,33
28/11/2020 20:04:57,0
28/11/2020 20:05:17,15
28/11/2020 20:05:58,32
28/11/2020 20:06:18,2
28/11/2020 20:06:59,33
28/11/2020 20:07:19,11
28/11/2020 20:07:59,38
28/11/2020 20:08:20,39
28/11/2020 20:09:00,37
28/11/2020 20:09:20,42
28/11/2020 20:10:01,14
28/11/2020 20:10:21,13
28/11/2020 20:11:02,38
28/11/2020 20:11:22,43
28/11/2020 20:12:02,40
28/11/2020 19:51:47,1
28/11/2020 19:52:08,20
28/11/2020 19:52:48,47
28/11/2020 19:53:09,0
28/11/2020 19:53:49,44
28/11/2020 19:54:09,36
28/11/2020 19:54:50,19
28/11/2020 19:55:10,7
28/11/2020 19:55:50,28
28/11/2020 19:56:11,18
28/11/2020 19:56:52,38
28/11/2020 19:57:11,23
28/11/2020 19:57:52,29
28/11/2020 19:58:12,27
28/11/2020 19:58:53,18
28/11/2020 19:59:13,0
28/11/2020 19:59:54,13
28/11/2020 20:00:14,12
28/11/2020 20:00:54,49
28/11/2020 20:01:15,41
28/11/2020 20:01:55,15
28/11/2020 20:02:15,28
28/11/2020 20:02:56,35
28/11/2020 20:03:16,22
28/11/2020 20:03:56,10
28/11/2020 20:04:17,33
28/11/2020 20:04:57,0
28/11/2020 20:05:17,15
28/11/2020 20:05:58,32
28/11/2020 20:06:18,2
28/11/2020 20:06:59,33
28/11/2020 20:07:19,11
28/11/2020 20:07:59,38
28/11/2020 20:08:20,39
28/11/2020 20:09:00,37
28/11/2020 20:09:20,42
28/11/2020 20:10:01,14
28/11/2020 20:10:21,13
28/11/2020 20:11:02,38
28/11/2020 20:11:22,43
28/11/2020 20:12:02,40
28/11/2020 20:12:23,37
28/11/2020 19:51:47,1
28/11/2020 19:52:08,20
28/11/2020 19:52:48,47
28/11/2020 19:53:09,0
28/11/2020 19:53:49,44
28/11/2020 19:54:09,36
28/11/2020 19:54:50,19
28/11/2020 19:55:10,7
28/11/2020 19:55:50,28
28/11/2020 19:56:11,18
28/11/2020 19:56:52,38
28/11/2020 19:57:11,23
28/11/2020 19:57:52,29
28/11/2020 19:58:12,27
28/11/2020 19:58:53,18
28/11/2020 19:59:13,0
28/11/2020 19:59:54,13
28/11/2020 20:00:14,12
28/11/2020 20:00:54,49
28/11/2020 20:01:15,41
28/11/2020 20:01:55,15
28/11/2020 20:02:15,28
28/11/2020 20:02:56,35
28/11/2020 20:03:16,22
28/11/2020 20:03:56,10
28/11/2020 20:04:17,33
28/11/2020 20:04:57,0
28/11/2020 20:05:17,15
28/11/2020 20:05:58,32
28/11/2020 20:06:18,2
28/11/2020 20:06:59,33
28/11/2020 20:07:19,11
28/11/2020 20:07:59,38
28/11/2020 20:08:20,39
28/11/2020 20:09:00,37
28/11/2020 20:09:20,42
28/11/2020 20:10:01,14
28/11/2020 20:10:21,13
28/11/2020 20:11:02,38
28/11/2020 20:11:22,43
28/11/2020 20:12:02,40
28/11/2020 20:12:23,37
28/11/2020 20:13:03,10
28/11/2020 19:51:47,1
28/11/2020 19:52:08,20
28/11/2020 19:52:48,47
28/11/2020 19:53:09,0
28/11/2020 19:53:49,44
28/11/2020 19:54:09,36
28/11/2020 19:54:50,19
28/11/2020 19:55:10,7
28/11/2020 19:55:50,28
28/11/2020 19:56:11,18
28/11/2020 19:56:52,38
28/11/2020 19:57:11,23
28/11/2020 19:57:52,29
28/11/2020 19:58:12,27
28/11/2020 19:58:53,18
28/11/2020 19:59:13,0
28/11/2020 19:59:54,13
28/11/2020 20:00:14,12
28/11/2020 20:00:54,49
28/11/2020 20:01:15,41
28/11/2020 20:01:55,15
28/11/2020 20:02:15,28
28/11/2020 20:02:56,35
28/11/2020 20:03:16,22
28/11/2020 20:03:56,10
28/11/2020 20:04:17,33
28/11/2020 20:04:57,0
28/11/2020 20:05:17,15
28/11/2020 20:05:58,32
28/11/2020 20:06:18,2
28/11/2020 20:06:59,33
28/11/2020 20:07:19,11
28/11/2020 20:07:59,38
28/11/2020 20:08:20,39
28/11/2020 20:09:00,37
28/11/2020 20:09:20,42
28/11/2020 20:10:01,14
28/11/2020 20:10:21,13
28/11/2020 20:11:02,38
28/11/2020 20:11:22,43
28/11/2020 20:12:02,40
28/11/2020 20:12:23,37
28/11/2020 20:13:03,10
28/11/2020 20:13:23,15
28/11/2020 19:51:47,1
28/11/2020 19:52:08,20
28/11/2020 19:52:48,47
28/11/2020 19:53:09,0
28/11/2020 19:53:49,44
28/11/2020 19:54:09,36
28/11/2020 19:54:50,19
28/11/2020 19:55:10,7
28/11/2020 19:55:50,28
28/11/2020 19:56:11,18
28/11/2020 19:56:52,38
28/11/2020 19:57:11,23
28/11/2020 19:57:52,29
28/11/2020 19:58:12,27
28/11/2020 19:58:53,18
28/11/2020 19:59:13,0
28/11/2020 19:59:54,13
28/11/2020 20:00:14,12
28/11/2020 20:00:54,49
28/11/2020 20:01:15,41
28/11/2020 20:01:55,15
28/11/2020 20:02:15,28
28/11/2020 20:02:56,35
28/11/2020 20:03:16,22
28/11/2020 20:03:56,10
28/11/2020 20:04:17,33
28/11/2020 20:04:57,0
28/11/2020 20:05:17,15
28/11/2020 20:05:58,32
28/11/2020 20:06:18,2
28/11/2020 20:06:59,33
28/11/2020 20:07:19,11
28/11/2020 20:07:59,38
28/11/2020 20:08:20,39
28/11/2020 20:09:00,37
28/11/2020 20:09:20,42
28/11/2020 20:10:01,14
28/11/2020 20:10:21,13
28/11/2020 20:11:02,38
28/11/2020 20:11:22,43
28/11/2020 20:12:02,40
28/11/2020 20:12:23,37
28/11/2020 20:13:03,10
28/11/2020 20:13:23,15
28/11/2020 20:14:04,15
28/11/2020 19:51:47,1
28/11/2020 19:52:08,20
28/11/2020 19:52:48,47
28/11/2020 19:53:09,0
28/11/2020 19:53:49,44
28/11/2020 19:54:09,36
28/11/2020 19:54:50,19
28/11/2020 19:55:10,7
28/11/2020 19:55:50,28
28/11/2020 19:56:11,18
28/11/2020 19:56:52,38
28/11/2020 19:57:11,23
28/11/2020 19:57:52,29
28/11/2020 19:58:12,27
28/11/2020 19:58:53,18
28/11/2020 19:59:13,0
28/11/2020 19:59:54,13
28/11/2020 20:00:14,12
28/11/2020 20:00:54,49
28/11/2020 20:01:15,41
28/11/2020 20:01:55,15
28/11/2020 20:02:15,28
28/11/2020 20:02:56,35
28/11/2020 20:03:16,22
28/11/2020 20:03:56,10
28/11/2020 20:04:17,33
28/11/2020 20:04:57,0
28/11/2020 20:05:17,15
28/11/2020 20:05:58,32
28/11/2020 20:06:18,2
28/11/2020 20:06:59,33
28/11/2020 20:07:19,11
28/11/2020 20:07:59,38
28/11/2020 20:08:20,39
28/11/2020 20:09:00,37
28/11/2020 20:09:20,42
28/11/2020 20:10:01,14
28/11/2020 20:10:21,13
28/11/2020 20:11:02,38
28/11/2020 20:11:22,43
28/11/2020 20:12:02,40
28/11/2020 20:12:23,37
28/11/2020 20:13:03,10
28/11/2020 20:13:23,15
28/11/2020 20:14:04,15
28/11/2020 20:14:24,8
28/11/2020 19:51:47,1
28/11/2020 19:52:08,20
28/11/2020 19:52:48,47
28/11/2020 19:53:09,0
28/11/2020 19:53:49,44
28/11/2020 19:54:09,36
28/11/2020 19:54:50,19
28/11/2020 19:55:10,7
28/11/2020 19:55:50,28
28/11/2020 19:56:11,18
28/11/2020 19:56:52,38
28/11/2020 19:57:11,23
28/11/2020 19:57:52,29
28/11/2020 19:58:12,27
28/11/2020 19:58:53,18
28/11/2020 19:59:13,0
28/11/2020 19:59:54,13
28/11/2020 20:00:14,12
28/11/2020 20:00:54,49
28/11/2020 20:01:15,41
28/11/2020 20:01:55,15
28/11/2020 20:02:15,28
28/11/2020 20:02:56,35
28/11/2020 20:03:16,22
28/11/2020 20:03:56,10
28/11/2020 20:04:17,33
28/11/2020 20:04:57,0
28/11/2020 20:05:17,15
28/11/2020 20:05:58,32
28/11/2020 20:06:18,2
28/11/2020 20:06:59,33
28/11/2020 20:07:19,11
28/11/2020 20:07:59,38
28/11/2020 20:08:20,39
28/11/2020 20:09:00,37
28/11/2020 20:09:20,42
28/11/2020 20:10:01,14
28/11/2020 20:10:21,13
28/11/2020 20:11:02,38
28/11/2020 20:11:22,43
28/11/2020 20:12:02,40
28/11/2020 20:12:23,37
28/11/2020 20:13:03,10
28/11/2020 20:13:23,15
28/11/2020 20:14:04,15
28/11/2020 20:14:24,8
28/11/2020 20:15:05,2
28/11/2020 19:51:47,1
28/11/2020 19:52:08,20
28/11/2020 19:52:48,47
28/11/2020 19:53:09,0
28/11/2020 19:53:49,44
28/11/2020 19:54:09,36
28/11/2020 19:54:50,19
28/11/2020 19:55:10,7
28/11/2020 19:55:50,28
28/11/2020 19:56:11,18
28/11/2020 19:56:52,38
28/11/2020 19:57:11,23
28/11/2020 19:57:52,29
28/11/2020 19:58:12,27
28/11/2020 19:58:53,18
28/11/2020 19:59:13,0
28/11/2020 19:59:54,13
28/11/2020 20:00:14,12
28/11/2020 20:00:54,49
28/11/2020 20:01:15,41
28/11/2020 20:01:55,15
28/11/2020 20:02:15,28
28/11/2020 20:02:56,35
28/11/2020 20:03:16,22
28/11/2020 20:03:56,10
28/11/2020 20:04:17,33
28/11/2020 20:04:57,0
28/11/2020 20:05:17,15
28/11/2020 20:05:58,32
28/11/2020 20:06:18,2
28/11/2020 20:06:59,33
28/11/2020 20:07:19,11
28/11/2020 20:07:59,38
28/11/2020 20:08:20,39
28/11/2020 20:09:00,37
28/11/2020 20:09:20,42
28/11/2020 20:10:01,14
28/11/2020 20:10:21,13
28/11/2020 20:11:02,38
28/11/2020 20:11:22,43
28/11/2020 20:12:02,40
28/11/2020 20:12:23,37
28/11/2020 20:13:03,10
28/11/2020 20:13:23,15
28/11/2020 20:14:04,15
28/11/2020 20:14:24,8
28/11/2020 20:15:05,2
28/11/2020 20:15:25,7
28/11/2020 19:51:47,1
28/11/2020 19:52:08,20
28/11/2020 19:52:48,47
28/11/2020 19:53:09,0
28/11/2020 19:53:49,44
28/11/2020 19:54:09,36
28/11/2020 19:54:50,19
28/11/2020 19:55:10,7
28/11/2020 19:55:50,28
28/11/2020 19:56:11,18
28/11/2020 19:56:52,38
28/11/2020 19:57:11,23
28/11/2020 19:57:52,29
28/11/2020 19:58:12,27
28/11/2020 19:58:53,18
28/11/2020 19:59:13,0
28/11/2020 19:59:54,13
28/11/2020 20:00:14,12
28/11/2020 20:00:54,49
28/11/2020 20:01:15,41
28/11/2020 20:01:55,15
28/11/2020 20:02:15,28
28/11/2020 20:02:56,35
28/11/2020 20:03:16,22
28/11/2020 20:03:56,10
28/11/2020 20:04:17,33
28/11/2020 20:04:57,0
28/11/2020 20:05:17,15
28/11/2020 20:05:58,32
28/11/2020 20:06:18,2
28/11/2020 20:06:59,33
28/11/2020 20:07:19,11
28/11/2020 20:07:59,38
28/11/2020 20:08:20,39
28/11/2020 20:09:00,37
28/11/2020 20:09:20,42
28/11/2020 20:10:01,14
28/11/2020 20:10:21,13
28/11/2020 20:11:02,38
28/11/2020 20:11:22,43
28/11/2020 20:12:02,40
28/11/2020 20:12:23,37
28/11/2020 20:13:03,10
28/11/2020 20:13:23,15
28/11/2020 20:14:04,15
28/11/2020 20:14:24,8
28/11/2020 20:15:05,2
28/11/2020 20:15:25,7
28/11/2020 20:16:05,16
28/11/2020 19:51:47,1
28/11/2020 19:52:08,20
28/11/2020 19:52:48,47
28/11/2020 19:53:09,0
28/11/2020 19:53:49,44
28/11/2020 19:54:09,36
28/11/2020 19:54:50,19
28/11/2020 19:55:10,7
28/11/2020 19:55:50,28
28/11/2020 19:56:11,18
28/11/2020 19:56:52,38
28/11/2020 19:57:11,23
28/11/2020 19:57:52,29
28/11/2020 19:58:12,27
28/11/2020 19:58:53,18
28/11/2020 19:59:13,0
28/11/2020 19:59:54,13
28/11/2020 20:00:14,12
28/11/2020 20:00:54,49
28/11/2020 20:01:15,41
28/11/2020 20:01:55,15
28/11/2020 20:02:15,28
28/11/2020 20:02:56,35
28/11/2020 20:03:16,22
28/11/2020 20:03:56,10
28/11/2020 20:04:17,33
28/11/2020 20:04:57,0
28/11/2020 20:05:17,15
28/11/2020 20:05:58,32
28/11/2020 20:06:18,2
28/11/2020 20:06:59,33
28/11/2020 20:07:19,11
28/11/2020 20:07:59,38
28/11/2020 20:08:20,39
28/11/2020 20:09:00,37
28/11/2020 20:09:20,42
28/11/2020 20:10:01,14
28/11/2020 20:10:21,13
28/11/2020 20:11:02,38
28/11/2020 20:11:22,43
28/11/2020 20:12:02,40
28/11/2020 20:12:23,37
28/11/2020 20:13:03,10
28/11/2020 20:13:23,15
28/11/2020 20:14:04,15
28/11/2020 20:14:24,8
28/11/2020 20:15:05,2
28/11/2020 20:15:25,7
28/11/2020 20:16:05,16
28/11/2020 20:16:25,5
28/11/2020 19:51:47,1
28/11/2020 19:52:08,20
28/11/2020 19:52:48,47
28/11/2020 19:53:09,0
28/11/2020 19:53:49,44
28/11/2020 19:54:09,36
28/11/2020 19:54:50,19
28/11/2020 19:55:10,7
28/11/2020 19:55:50,28
28/11/2020 19:56:11,18
28/11/2020 19:56:52,38
28/11/2020 19:57:11,23
28/11/2020 19:57:52,29
28/11/2020 19:58:12,27
28/11/2020 19:58:53,18
28/11/2020 19:59:13,0
28/11/2020 19:59:54,13
28/11/2020 20:00:14,12
28/11/2020 20:00:54,49
28/11/2020 20:01:15,41
28/11/2020 20:01:55,15
28/11/2020 20:02:15,28
28/11/2020 20:02:56,35
28/11/2020 20:03:16,22
28/11/2020 20:03:56,10
28/11/2020 20:04:17,33
28/11/2020 20:04:57,0
28/11/2020 20:05:17,15
28/11/2020 20:05:58,32
28/11/2020 20:06:18,2
28/11/2020 20:06:59,33
28/11/2020 20:07:19,11
28/11/2020 20:07:59,38
28/11/2020 20:08:20,39
28/11/2020 20:09:00,37
28/11/2020 20:09:20,42
28/11/2020 20:10:01,14
28/11/2020 20:10:21,13
28/11/2020 20:11:02,38
28/11/2020 20:11:22,43
28/11/2020 20:12:02,40
28/11/2020 20:12:23,37
28/11/2020 20:13:03,10
28/11/2020 20:13:23,15
28/11/2020 20:14:04,15
28/11/2020 20:14:24,8
28/11/2020 20:15:05,2
28/11/2020 20:15:25,7
28/11/2020 20:16:05,16
28/11/2020 20:16:25,5
28/11/2020 20:17:06,29
28/11/2020 19:51:47,1
28/11/2020 19:52:08,20
28/11/2020 19:52:48,47
28/11/2020 19:53:09,0
28/11/2020 19:53:49,44
28/11/2020 19:54:09,36
28/11/2020 19:54:50,19
28/11/2020 19:55:10,7
28/11/2020 19:55:50,28
28/11/2020 19:56:11,18
28/11/2020 19:56:52,38
28/11/2020 19:57:11,23
28/11/2020 19:57:52,29
28/11/2020 19:58:12,27
28/11/2020 19:58:53,18
28/11/2020 19:59:13,0
28/11/2020 19:59:54,13
28/11/2020 20:00:14,12
28/11/2020 20:00:54,49
28/11/2020 20:01:15,41
28/11/2020 20:01:55,15
28/11/2020 20:02:15,28
28/11/2020 20:02:56,35
28/11/2020 20:03:16,22
28/11/2020 20:03:56,10
28/11/2020 20:04:17,33
28/11/2020 20:04:57,0
28/11/2020 20:05:17,15
28/11/2020 20:05:58,32
28/11/2020 20:06:18,2
28/11/2020 20:06:59,33
28/11/2020 20:07:19,11
28/11/2020 20:07:59,38
28/11/2020 20:08:20,39
28/11/2020 20:09:00,37
28/11/2020 20:09:20,42
28/11/2020 20:10:01,14
28/11/2020 20:10:21,13
28/11/2020 20:11:02,38
28/11/2020 20:11:22,43
28/11/2020 20:12:02,40
28/11/2020 20:12:23,37
28/11/2020 20:13:03,10
28/11/2020 20:13:23,15
28/11/2020 20:14:04,15
28/11/2020 20:14:24,8
28/11/2020 20:15:05,2
28/11/2020 20:15:25,7
28/11/2020 20:16:05,16
28/11/2020 20:16:25,5
28/11/2020 20:17:06,29
28/11/2020 20:17:26,3
28/11/2020 19:51:47,1
28/11/2020 19:52:08,20
28/11/2020 19:52:48,47
28/11/2020 19:53:09,0
28/11/2020 19:53:49,44
28/11/2020 19:54:09,36
28/11/2020 19:54:50,19
28/11/2020 19:55:10,7
28/11/2020 19:55:50,28
28/11/2020 19:56:11,18
28/11/2020 19:56:52,38
28/11/2020 19:57:11,23
28/11/2020 19:57:52,29
28/11/2020 19:58:12,27
28/11/2020 19:58:53,18
28/11/2020 19:59:13,0
28/11/2020 19:59:54,13
28/11/2020 20:00:14,12
28/11/2020 20:00:54,49
28/11/2020 20:01:15,41
28/11/2020 20:01:55,15
28/11/2020 20:02:15,28
28/11/2020 20:02:56,35
28/11/2020 20:03:16,22
28/11/2020 20:03:56,10
28/11/2020 20:04:17,33
28/11/2020 20:04:57,0
28/11/2020 20:05:17,15
28/11/2020 20:05:58,32
28/11/2020 20:06:18,2
28/11/2020 20:06:59,33
28/11/2020 20:07:19,11
28/11/2020 20:07:59,38
28/11/2020 20:08:20,39
28/11/2020 20:09:00,37
28/11/2020 20:09:20,42
28/11/2020 20:10:01,14
28/11/2020 20:10:21,13
28/11/2020 20:11:02,38
28/11/2020 20:11:22,43
28/11/2020 20:12:02,40
28/11/2020 20:12:23,37
28/11/2020 20:13:03,10
28/11/2020 20:13:23,15
28/11/2020 20:14:04,15
28/11/2020 20:14:24,8
28/11/2020 20:15:05,2
28/11/2020 20:15:25,7
28/11/2020 20:16:05,16
28/11/2020 20:16:25,5
28/11/2020 20:17:06,29
28/11/2020 20:17:26,3
28/11/2020 20:18:07,38
28/11/2020 19:51:47,1
28/11/2020 19:52:08,20
28/11/2020 19:52:48,47
28/11/2020 19:53:09,0
28/11/2020 19:53:49,44
28/11/2020 19:54:09,36
28/11/2020 19:54:50,19
28/11/2020 19:55:10,7
28/11/2020 19:55:50,28
28/11/2020 19:56:11,18
28/11/2020 19:56:52,38
28/11/2020 19:57:11,23
28/11/2020 19:57:52,29
28/11/2020 19:58:12,27
28/11/2020 19:58:53,18
28/11/2020 19:59:13,0
28/11/2020 19:59:54,13
28/11/2020 20:00:14,12
28/11/2020 20:00:54,49
28/11/2020 20:01:15,41
28/11/2020 20:01:55,15
28/11/2020 20:02:15,28
28/11/2020 20:02:56,35
28/11/2020 20:03:16,22
28/11/2020 20:03:56,10
28/11/2020 20:04:17,33
28/11/2020 20:04:57,0
28/11/2020 20:05:17,15
28/11/2020 20:05:58,32
28/11/2020 20:06:18,2
28/11/2020 20:06:59,33
28/11/2020 20:07:19,11
28/11/2020 20:07:59,38
28/11/2020 20:08:20,39
28/11/2020 20:09:00,37
28/11/2020 20:09:20,42
28/11/2020 20:10:01,14
28/11/2020 20:10:21,13
28/11/2020 20:11:02,38
28/11/2020 20:11:22,43
28/11/2020 20:12:02,40
28/11/2020 20:12:23,37
28/11/2020 20:13:03,10
28/11/2020 20:13:23,15
28/11/2020 20:14:04,15
28/11/2020 20:14:24,8
28/11/2020 20:15:05,2
28/11/2020 20:15:25,7
28/11/2020 20:16:05,16
28/11/2020 20:16:25,5
28/11/2020 20:17:06,29
28/11/2020 20:17:26,3
28/11/2020 20:18:07,38
28/11/2020 20:18:27,6
28/11/2020 19:51:47,1
28/11/2020 19:52:08,20
28/11/2020 19:52:48,47
28/11/2020 19:53:09,0
28/11/2020 19:53:49,44
28/11/2020 19:54:09,36
28/11/2020 19:54:50,19
28/11/2020 19:55:10,7
28/11/2020 19:55:50,28
28/11/2020 19:56:11,18
28/11/2020 19:56:52,38
28/11/2020 19:57:11,23
28/11/2020 19:57:52,29
28/11/2020 19:58:12,27
28/11/2020 19:58:53,18
28/11/2020 19:59:13,0
28/11/2020 19:59:54,13
28/11/2020 20:00:14,12
28/11/2020 20:00:54,49
28/11/2020 20:01:15,41
28/11/2020 20:01:55,15
28/11/2020 20:02:15,28
28/11/2020 20:02:56,35
28/11/2020 20:03:16,22
28/11/2020 20:03:56,10
28/11/2020 20:04:17,33
28/11/2020 20:04:57,0
28/11/2020 20:05:17,15
28/11/2020 20:05:58,32
28/11/2020 20:06:18,2
28/11/2020 20:06:59,33
28/11/2020 20:07:19,11
28/11/2020 20:07:59,38
28/11/2020 20:08:20,39
28/11/2020 20:09:00,37
28/11/2020 20:09:20,42
28/11/2020 20:10:01,14
28/11/2020 20:10:21,13
28/11/2020 20:11:02,38
28/11/2020 20:11:22,43
28/11/2020 20:12:02,40
28/11/2020 20:12:23,37
28/11/2020 20:13:03,10
28/11/2020 20:13:23,15
28/11/2020 20:14:04,15
28/11/2020 20:14:24,8
28/11/2020 20:15:05,2
28/11/2020 20:15:25,7
28/11/2020 20:16:05,16
28/11/2020 20:16:25,5
28/11/2020 20:17:06,29
28/11/2020 20:17:26,3
28/11/2020 20:18:07,38
28/11/2020 20:18:27,6
28/11/2020 20:19:08,4
28/11/2020 19:51:47,1
28/11/2020 19:52:08,20
28/11/2020 19:52:48,47
28/11/2020 19:53:09,0
28/11/2020 19:53:49,44
28/11/2020 19:54:09,36
28/11/2020 19:54:50,19
28/11/2020 19:55:10,7
28/11/2020 19:55:50,28
28/11/2020 19:56:11,18
28/11/2020 19:56:52,38
28/11/2020 19:57:11,23
28/11/2020 19:57:52,29
28/11/2020 19:58:12,27
28/11/2020 19:58:53,18
28/11/2020 19:59:13,0
28/11/2020 19:59:54,13
28/11/2020 20:00:14,12
28/11/2020 20:00:54,49
28/11/2020 20:01:15,41
28/11/2020 20:01:55,15
28/11/2020 20:02:15,28
28/11/2020 20:02:56,35
28/11/2020 20:03:16,22
28/11/2020 20:03:56,10
28/11/2020 20:04:17,33
28/11/2020 20:04:57,0
28/11/2020 20:05:17,15
28/11/2020 20:05:58,32
28/11/2020 20:06:18,2
28/11/2020 20:06:59,33
28/11/2020 20:07:19,11
28/11/2020 20:07:59,38
28/11/2020 20:08:20,39
28/11/2020 20:09:00,37
28/11/2020 20:09:20,42
28/11/2020 20:10:01,14
28/11/2020 20:10:21,13
28/11/2020 20:11:02,38
28/11/2020 20:11:22,43
28/11/2020 20:12:02,40
28/11/2020 20:12:23,37
28/11/2020 20:13:03,10
28/11/2020 20:13:23,15
28/11/2020 20:14:04,15
28/11/2020 20:14:24,8
28/11/2020 20:15:05,2
28/11/2020 20:15:25,7
28/11/2020 20:16:05,16
28/11/2020 20:16:25,5
28/11/2020 20:17:06,29
28/11/2020 20:17:26,3
28/11/2020 20:18:07,38
28/11/2020 20:18:27,6
28/11/2020 20:19:08,4
28/11/2020 20:19:28,4
28/11/2020 19:51:47,1
28/11/2020 19:52:08,20
28/11/2020 19:52:48,47
28/11/2020 19:53:09,0
28/11/2020 19:53:49,44
28/11/2020 19:54:09,36
28/11/2020 19:54:50,19
28/11/2020 19:55:10,7
28/11/2020 19:55:50,28
28/11/2020 19:56:11,18
28/11/2020 19:56:52,38
28/11/2020 19:57:11,23
28/11/2020 19:57:52,29
28/11/2020 19:58:12,27
28/11/2020 19:58:53,18
28/11/2020 19:59:13,0
28/11/2020 19:59:54,13
28/11/2020 20:00:14,12
28/11/2020 20:00:54,49
28/11/2020 20:01:15,41
28/11/2020 20:01:55,15
28/11/2020 20:02:15,28
28/11/2020 20:02:56,35
28/11/2020 20:03:16,22
28/11/2020 20:03:56,10
28/11/2020 20:04:17,33
28/11/2020 20:04:57,0
28/11/2020 20:05:17,15
28/11/2020 20:05:58,32
28/11/2020 20:06:18,2
28/11/2020 20:06:59,33
28/11/2020 20:07:19,11
28/11/2020 20:07:59,38
28/11/2020 20:08:20,39
28/11/2020 20:09:00,37
28/11/2020 20:09:20,42
28/11/2020 20:10:01,14
28/11/2020 20:10:21,13
28/11/2020 20:11:02,38
28/11/2020 20:11:22,43
28/11/2020 20:12:02,40
28/11/2020 20:12:23,37
28/11/2020 20:13:03,10
28/11/2020 20:13:23,15
28/11/2020 20:14:04,15
28/11/2020 20:14:24,8
28/11/2020 20:15:05,2
28/11/2020 20:15:25,7
28/11/2020 20:16:05,16
28/11/2020 20:16:25,5
28/11/2020 20:17:06,29
28/11/2020 20:17:26,3
28/11/2020 20:18:07,38
28/11/2020 20:18:27,6
28/11/2020 20:19:08,4
28/11/2020 20:19:28,4
28/11/2020 20:20:08,15
28/11/2020 19:51:47,1
28/11/2020 19:52:08,20
28/11/2020 19:52:48,47
28/11/2020 19:53:09,0
28/11/2020 19:53:49,44
28/11/2020 19:54:09,36
28/11/2020 19:54:50,19
28/11/2020 19:55:10,7
28/11/2020 19:55:50,28
28/11/2020 19:56:11,18
28/11/2020 19:56:52,38
28/11/2020 19:57:11,23
28/11/2020 19:57:52,29
28/11/2020 19:58:12,27
28/11/2020 19:58:53,18
28/11/2020 19:59:13,0
28/11/2020 19:59:54,13
28/11/2020 20:00:14,12
28/11/2020 20:00:54,49
28/11/2020 20:01:15,41
28/11/2020 20:01:55,15
28/11/2020 20:02:15,28
28/11/2020 20:02:56,35
28/11/2020 20:03:16,22
28/11/2020 20:03:56,10
28/11/2020 20:04:17,33
28/11/2020 20:04:57,0
28/11/2020 20:05:17,15
28/11/2020 20:05:58,32
28/11/2020 20:06:18,2
28/11/2020 20:06:59,33
28/11/2020 20:07:19,11
28/11/2020 20:07:59,38
28/11/2020 20:08:20,39
28/11/2020 20:09:00,37
28/11/2020 20:09:20,42
28/11/2020 20:10:01,14
28/11/2020 20:10:21,13
28/11/2020 20:11:02,38
28/11/2020 20:11:22,43
28/11/2020 20:12:02,40
28/11/2020 20:12:23,37
28/11/2020 20:13:03,10
28/11/2020 20:13:23,15
28/11/2020 20:14:04,15
28/11/2020 20:14:24,8
28/11/2020 20:15:05,2
28/11/2020 20:15:25,7
28/11/2020 20:16:05,16
28/11/2020 20:16:25,5
28/11/2020 20:17:06,29
28/11/2020 20:17:26,3
28/11/2020 20:18:07,38
28/11/2020 20:18:27,6
28/11/2020 20:19:08,4
28/11/2020 20:19:28,4
28/11/2020 20:20:08,15
28/11/2020 20:20:29,36
28/11/2020 19:51:47,1
28/11/2020 19:52:08,20
28/11/2020 19:52:48,47
28/11/2020 19:53:09,0
28/11/2020 19:53:49,44
28/11/2020 19:54:09,36
28/11/2020 19:54:50,19
28/11/2020 19:55:10,7
28/11/2020 19:55:50,28
28/11/2020 19:56:11,18
28/11/2020 19:56:52,38
28/11/2020 19:57:11,23
28/11/2020 19:57:52,29
28/11/2020 19:58:12,27
28/11/2020 19:58:53,18
28/11/2020 19:59:13,0
28/11/2020 19:59:54,13
28/11/2020 20:00:14,12
28/11/2020 20:00:54,49
28/11/2020 20:01:15,41
28/11/2020 20:01:55,15
28/11/2020 20:02:15,28
28/11/2020 20:02:56,35
28/11/2020 20:03:16,22
28/11/2020 20:03:56,10
28/11/2020 20:04:17,33
28/11/2020 20:04:57,0
28/11/2020 20:05:17,15
28/11/2020 20:05:58,32
28/11/2020 20:06:18,2
28/11/2020 20:06:59,33
28/11/2020 20:07:19,11
28/11/2020 20:07:59,38
28/11/2020 20:08:20,39
28/11/2020 20:09:00,37
28/11/2020 20:09:20,42
28/11/2020 20:10:01,14
28/11/2020 20:10:21,13
28/11/2020 20:11:02,38
28/11/2020 20:11:22,43
28/11/2020 20:12:02,40
28/11/2020 20:12:23,37
28/11/2020 20:13:03,10
28/11/2020 20:13:23,15
28/11/2020 20:14:04,15
28/11/2020 20:14:24,8
28/11/2020 20:15:05,2
28/11/2020 20:15:25,7
28/11/2020 20:16:05,16
28/11/2020 20:16:25,5
28/11/2020 20:17:06,29
28/11/2020 20:17:26,3
28/11/2020 20:18:07,38
28/11/2020 20:18:27,6
28/11/2020 20:19:08,4
28/11/2020 20:19:28,4
28/11/2020 20:20:08,15
28/11/2020 20:20:29,36
28/11/2020 20:21:09,34
28/11/2020 19:51:47,1
28/11/2020 19:52:08,20
28/11/2020 19:52:48,47
28/11/2020 19:53:09,0
28/11/2020 19:53:49,44
28/11/2020 19:54:09,36
28/11/2020 19:54:50,19
28/11/2020 19:55:10,7
28/11/2020 19:55:50,28
28/11/2020 19:56:11,18
28/11/2020 19:56:52,38
28/11/2020 19:57:11,23
28/11/2020 19:57:52,29
28/11/2020 19:58:12,27
28/11/2020 19:58:53,18
28/11/2020 19:59:13,0
28/11/2020 19:59:54,13
28/11/2020 20:00:14,12
28/11/2020 20:00:54,49
28/11/2020 20:01:15,41
28/11/2020 20:01:55,15
28/11/2020 20:02:15,28
28/11/2020 20:02:56,35
28/11/2020 20:03:16,22
28/11/2020 20:03:56,10
28/11/2020 20:04:17,33
28/11/2020 20:04:57,0
28/11/2020 20:05:17,15
28/11/2020 20:05:58,32
28/11/2020 20:06:18,2
28/11/2020 20:06:59,33
28/11/2020 20:07:19,11
28/11/2020 20:07:59,38
28/11/2020 20:08:20,39
28/11/2020 20:09:00,37
28/11/2020 20:09:20,42
28/11/2020 20:10:01,14
28/11/2020 20:10:21,13
28/11/2020 20:11:02,38
28/11/2020 20:11:22,43
28/11/2020 20:12:02,40
28/11/2020 20:12:23,37
28/11/2020 20:13:03,10
28/11/2020 20:13:23,15
28/11/2020 20:14:04,15
28/11/2020 20:14:24,8
28/11/2020 20:15:05,2
28/11/2020 20:15:25,7
28/11/2020 20:16:05,16
28/11/2020 20:16:25,5
28/11/2020 20:17:06,29
28/11/2020 20:17:26,3
28/11/2020 20:18:07,38
28/11/2020 20:18:27,6
28/11/2020 20:19:08,4
28/11/2020 20:19:28,4
28/11/2020 20:20:08,15
28/11/2020 20:20:29,36
28/11/2020 20:21:09,34
28/11/2020 20:21:29,7
28/11/2020 19:51:47,1
28/11/2020 19:52:08,20
28/11/2020 19:52:48,47
28/11/2020 19:53:09,0
28/11/2020 19:53:49,44
28/11/2020 19:54:09,36
28/11/2020 19:54:50,19
28/11/2020 19:55:10,7
28/11/2020 19:55:50,28
28/11/2020 19:56:11,18
28/11/2020 19:56:52,38
28/11/2020 19:57:11,23
28/11/2020 19:57:52,29
28/11/2020 19:58:12,27
28/11/2020 19:58:53,18
28/11/2020 19:59:13,0
28/11/2020 19:59:54,13
28/11/2020 20:00:14,12
28/11/2020 20:00:54,49
28/11/2020 20:01:15,41
28/11/2020 20:01:55,15
28/11/2020 20:02:15,28
28/11/2020 20:02:56,35
28/11/2020 20:03:16,22
28/11/2020 20:03:56,10
28/11/2020 20:04:17,33
28/11/2020 20:04:57,0
28/11/2020 20:05:17,15
28/11/2020 20:05:58,32
28/11/2020 20:06:18,2
28/11/2020 20:06:59,33
28/11/2020 20:07:19,11
28/11/2020 20:07:59,38
28/11/2020 20:08:20,39
28/11/2020 20:09:00,37
28/11/2020 20:09:20,42
28/11/2020 20:10:01,14
28/11/2020 20:10:21,13
28/11/2020 20:11:02,38
28/11/2020 20:11:22,43
28/11/2020 20:12:02,40
28/11/2020 20:12:23,37
28/11/2020 20:13:03,10
28/11/2020 20:13:23,15
28/11/2020 20:14:04,15
28/11/2020 20:14:24,8
28/11/2020 20:15:05,2
28/11/2020 20:15:25,7
28/11/2020 20:16:05,16
28/11/2020 20:16:25,5
28/11/2020 20:17:06,29
28/11/2020 20:17:26,3
28/11/2020 20:18:07,38
28/11/2020 20:18:27,6
28/11/2020 20:19:08,4
28/11/2020 20:19:28,4
28/11/2020 20:20:08,15
28/11/2020 20:20:29,36
28/11/2020 20:21:09,34
28/11/2020 20:21:29,7
28/11/2020 20:22:10,49
28/11/2020 19:51:47,1
28/11/2020 19:52:08,20
28/11/2020 19:52:48,47
28/11/2020 19:53:09,0
28/11/2020 19:53:49,44
28/11/2020 19:54:09,36
28/11/2020 19:54:50,19
28/11/2020 19:55:10,7
28/11/2020 19:55:50,28
28/11/2020 19:56:11,18
28/11/2020 19:56:52,38
28/11/2020 19:57:11,23
28/11/2020 19:57:52,29
28/11/2020 19:58:12,27
28/11/2020 19:58:53,18
28/11/2020 19:59:13,0
28/11/2020 19:59:54,13
28/11/2020 20:00:14,12
28/11/2020 20:00:54,49
28/11/2020 20:01:15,41
28/11/2020 20:01:55,15
28/11/2020 20:02:15,28
28/11/2020 20:02:56,35
28/11/2020 20:03:16,22
28/11/2020 20:03:56,10
28/11/2020 20:04:17,33
28/11/2020 20:04:57,0
28/11/2020 20:05:17,15
28/11/2020 20:05:58,32
28/11/2020 20:06:18,2
28/11/2020 20:06:59,33
28/11/2020 20:07:19,11
28/11/2020 20:07:59,38
28/11/2020 20:08:20,39
28/11/2020 20:09:00,37
28/11/2020 20:09:20,42
28/11/2020 20:10:01,14
28/11/2020 20:10:21,13
28/11/2020 20:11:02,38
28/11/2020 20:11:22,43
28/11/2020 20:12:02,40
28/11/2020 20:12:23,37
28/11/2020 20:13:03,10
28/11/2020 20:13:23,15
28/11/2020 20:14:04,15
28/11/2020 20:14:24,8
28/11/2020 20:15:05,2
28/11/2020 20:15:25,7
28/11/2020 20:16:05,16
28/11/2020 20:16:25,5
28/11/2020 20:17:06,29
28/11/2020 20:17:26,3
28/11/2020 20:18:07,38
28/11/2020 20:18:27,6
28/11/2020 20:19:08,4
28/11/2020 20:19:28,4
28/11/2020 20:20:08,15
28/11/2020 20:20:29,36
28/11/2020 20:21:09,34
28/11/2020 20:21:29,7
28/11/2020 20:22:10,49
28/11/2020 20:22:30,39
28/11/2020 19:51:47,1
28/11/2020 19:52:08,20
28/11/2020 19:52:48,47
28/11/2020 19:53:09,0
28/11/2020 19:53:49,44
28/11/2020 19:54:09,36
28/11/2020 19:54:50,19
28/11/2020 19:55:10,7
28/11/2020 19:55:50,28
28/11/2020 19:56:11,18
28/11/2020 19:56:52,38
28/11/2020 19:57:11,23
28/11/2020 19:57:52,29
28/11/2020 19:58:12,27
28/11/2020 19:58:53,18
28/11/2020 19:59:13,0
28/11/2020 19:59:54,13
28/11/2020 20:00:14,12
28/11/2020 20:00:54,49
28/11/2020 20:01:15,41
28/11/2020 20:01:55,15
28/11/2020 20:02:15,28
28/11/2020 20:02:56,35
28/11/2020 20:03:16,22
28/11/2020 20:03:56,10
28/11/2020 20:04:17,33
28/11/2020 20:04:57,0
28/11/2020 20:05:17,15
28/11/2020 20:05:58,32
28/11/2020 20:06:18,2
28/11/2020 20:06:59,33
28/11/2020 20:07:19,11
28/11/2020 20:07:59,38
28/11/2020 20:08:20,39
28/11/2020 20:09:00,37
28/11/2020 20:09:20,42
28/11/2020 20:10:01,14
28/11/2020 20:10:21,13
28/11/2020 20:11:02,38
28/11/2020 20:11:22,43
28/11/2020 20:12:02,40
28/11/2020 20:12:23,37
28/11/2020 20:13:03,10
28/11/2020 20:13:23,15
28/11/2020 20:14:04,15
28/11/2020 20:14:24,8
28/11/2020 20:15:05,2
28/11/2020 20:15:25,7
28/11/2020 20:16:05,16
28/11/2020 20:16:25,5
28/11/2020 20:17:06,29
28/11/2020 20:17:26,3
28/11/2020 20:18:07,38
28/11/2020 20:18:27,6
28/11/2020 20:19:08,4
28/11/2020 20:19:28,4
28/11/2020 20:20:08,15
28/11/2020 20:20:29,36
28/11/2020 20:21:09,34
28/11/2020 20:21:29,7
28/11/2020 20:22:10,49
28/11/2020 20:22:30,39
28/11/2020 20:23:11,18
28/11/2020 19:51:47,1
28/11/2020 19:52:08,20
28/11/2020 19:52:48,47
28/11/2020 19:53:09,0
28/11/2020 19:53:49,44
28/11/2020 19:54:09,36
28/11/2020 19:54:50,19
28/11/2020 19:55:10,7
28/11/2020 19:55:50,28
28/11/2020 19:56:11,18
28/11/2020 19:56:52,38
28/11/2020 19:57:11,23
28/11/2020 19:57:52,29
28/11/2020 19:58:12,27
28/11/2020 19:58:53,18
28/11/2020 19:59:13,0
28/11/2020 19:59:54,13
28/11/2020 20:00:14,12
28/11/2020 20:00:54,49
28/11/2020 20:01:15,41
28/11/2020 20:01:55,15
28/11/2020 20:02:15,28
28/11/2020 20:02:56,35
28/11/2020 20:03:16,22
28/11/2020 20:03:56,10
28/11/2020 20:04:17,33
28/11/2020 20:04:57,0
28/11/2020 20:05:17,15
28/11/2020 20:05:58,32
28/11/2020 20:06:18,2
28/11/2020 20:06:59,33
28/11/2020 20:07:19,11
28/11/2020 20:07:59,38
28/11/2020 20:08:20,39
28/11/2020 20:09:00,37
28/11/2020 20:09:20,42
28/11/2020 20:10:01,14
28/11/2020 20:10:21,13
28/11/2020 20:11:02,38
28/11/2020 20:11:22,43
28/11/2020 20:12:02,40
28/11/2020 20:12:23,37
28/11/2020 20:13:03,10
28/11/2020 20:13:23,15
28/11/2020 20:14:04,15
28/11/2020 20:14:24,8
28/11/2020 20:15:05,2
28/11/2020 20:15:25,7
28/11/2020 20:16:05,16
28/11/2020 20:16:25,5
28/11/2020 20:17:06,29
28/11/2020 20:17:26,3
28/11/2020 20:18:07,38
28/11/2020 20:18:27,6
28/11/2020 20:19:08,4
28/11/2020 20:19:28,4
28/11/2020 20:20:08,15
28/11/2020 20:20:29,36
28/11/2020 20:21:09,34
28/11/2020 20:21:29,7
28/11/2020 20:22:10,49
28/11/2020 20:22:30,39
28/11/2020 20:23:11,18
28/11/2020 20:23:31,12
28/11/2020 19:51:47,1
28/11/2020 19:52:08,20
28/11/2020 19:52:48,47
28/11/2020 19:53:09,0
28/11/2020 19:53:49,44
28/11/2020 19:54:09,36
28/11/2020 19:54:50,19
28/11/2020 19:55:10,7
28/11/2020 19:55:50,28
28/11/2020 19:56:11,18
28/11/2020 19:56:52,38
28/11/2020 19:57:11,23
28/11/2020 19:57:52,29
28/11/2020 19:58:12,27
28/11/2020 19:58:53,18
28/11/2020 19:59:13,0
28/11/2020 19:59:54,13
28/11/2020 20:00:14,12
28/11/2020 20:00:54,49
28/11/2020 20:01:15,41
28/11/2020 20:01:55,15
28/11/2020 20:02:15,28
28/11/2020 20:02:56,35
28/11/2020 20:03:16,22
28/11/2020 20:03:56,10
28/11/2020 20:04:17,33
28/11/2020 20:04:57,0
28/11/2020 20:05:17,15
28/11/2020 20:05:58,32
28/11/2020 20:06:18,2
28/11/2020 20:06:59,33
28/11/2020 20:07:19,11
28/11/2020 20:07:59,38
28/11/2020 20:08:20,39
28/11/2020 20:09:00,37
28/11/2020 20:09:20,42
28/11/2020 20:10:01,14
28/11/2020 20:10:21,13
28/11/2020 20:11:02,38
28/11/2020 20:11:22,43
28/11/2020 20:12:02,40
28/11/2020 20:12:23,37
28/11/2020 20:13:03,10
28/11/2020 20:13:23,15
28/11/2020 20:14:04,15
28/11/2020 20:14:24,8
28/11/2020 20:15:05,2
28/11/2020 20:15:25,7
28/11/2020 20:16:05,16
28/11/2020 20:16:25,5
28/11/2020 20:17:06,29
28/11/2020 20:17:26,3
28/11/2020 20:18:07,38
28/11/2020 20:18:27,6
28/11/2020 20:19:08,4
28/11/2020 20:19:28,4
28/11/2020 20:20:08,15
28/11/2020 20:20:29,36
28/11/2020 20:21:09,34
28/11/2020 20:21:29,7
28/11/2020 20:22:10,49
28/11/2020 20:22:30,39
28/11/2020 20:23:11,18
28/11/2020 20:23:31,12
28/11/2020 20:24:11,38
28/11/2020 20:26:13,16
28/11/2020 20:26:13,16
28/11/2020 20:26:33,28
28/11/2020 20:26:13,16
28/11/2020 20:26:33,28
28/11/2020 20:27:14,49
28/11/2020 20:26:13,16
28/11/2020 20:26:33,28
28/11/2020 20:27:14,49
28/11/2020 20:27:34,41
28/11/2020 20:26:13,16
28/11/2020 20:26:33,28
28/11/2020 20:27:14,49
28/11/2020 20:27:34,41
28/11/2020 20:28:14,5
28/11/2020 20:26:13,16
28/11/2020 20:26:33,28
28/11/2020 20:27:14,49
28/11/2020 20:27:34,41
28/11/2020 20:28:14,5
28/11/2020 20:28:34,15
28/11/2020 20:26:13,16
28/11/2020 20:26:33,28
28/11/2020 20:27:14,49
28/11/2020 20:27:34,41
28/11/2020 20:28:14,5
28/11/2020 20:28:34,15
28/11/2020 20:29:15,9
28/11/2020 20:26:13,16
28/11/2020 20:26:33,28
28/11/2020 20:27:14,49
28/11/2020 20:27:34,41
28/11/2020 20:28:14,5
28/11/2020 20:28:34,15
28/11/2020 20:29:15,9
28/11/2020 20:29:35,1
28/11/2020 20:26:13,16
28/11/2020 20:26:33,28
28/11/2020 20:27:14,49
28/11/2020 20:27:34,41
28/11/2020 20:28:14,5
28/11/2020 20:28:34,15
28/11/2020 20:29:15,9
28/11/2020 20:29:35,1
28/11/2020 20:30:16,5
28/11/2020 20:26:13,16
28/11/2020 20:26:33,28
28/11/2020 20:27:14,49
28/11/2020 20:27:34,41
28/11/2020 20:28:14,5
28/11/2020 20:28:34,15
28/11/2020 20:29:15,9
28/11/2020 20:29:35,1
28/11/2020 20:30:16,5
28/11/2020 20:30:36,47
28/11/2020 20:26:13,16
28/11/2020 20:26:33,28
28/11/2020 20:27:14,49
28/11/2020 20:27:34,41
28/11/2020 20:28:14,5
28/11/2020 20:28:34,15
28/11/2020 20:29:15,9
28/11/2020 20:29:35,1
28/11/2020 20:30:16,5
28/11/2020 20:30:36,47
28/11/2020 20:31:17,7
28/11/2020 20:26:13,16
28/11/2020 20:26:33,28
28/11/2020 20:27:14,49
28/11/2020 20:27:34,41
28/11/2020 20:28:14,5
28/11/2020 20:28:34,15
28/11/2020 20:29:15,9
28/11/2020 20:29:35,1
28/11/2020 20:30:16,5
28/11/2020 20:30:36,47
28/11/2020 20:31:17,7
28/11/2020 20:31:37,15
28/11/2020 20:26:13,16
28/11/2020 20:26:33,28
28/11/2020 20:27:14,49
28/11/2020 20:27:34,41
28/11/2020 20:28:14,5
28/11/2020 20:28:34,15
28/11/2020 20:29:15,9
28/11/2020 20:29:35,1
28/11/2020 20:30:16,5
28/11/2020 20:30:36,47
28/11/2020 20:31:17,7
28/11/2020 20:31:37,15
28/11/2020 20:32:17,29
28/11/2020 20:26:13,16
28/11/2020 20:26:33,28
28/11/2020 20:27:14,49
28/11/2020 20:27:34,41
28/11/2020 20:28:14,5
28/11/2020 20:28:34,15
28/11/2020 20:29:15,9
28/11/2020 20:29:35,1
28/11/2020 20:30:16,5
28/11/2020 20:30:36,47
28/11/2020 20:31:17,7
28/11/2020 20:31:37,15
28/11/2020 20:32:17,29
28/11/2020 20:32:38,8
28/11/2020 20:26:13,16
28/11/2020 20:26:33,28
28/11/2020 20:27:14,49
28/11/2020 20:27:34,41
28/11/2020 20:28:14,5
28/11/2020 20:28:34,15
28/11/2020 20:29:15,9
28/11/2020 20:29:35,1
28/11/2020 20:30:16,5
28/11/2020 20:30:36,47
28/11/2020 20:31:17,7
28/11/2020 20:31:37,15
28/11/2020 20:32:17,29
28/11/2020 20:32:38,8
28/11/2020 20:33:18,48
28/11/2020 20:26:13,16
28/11/2020 20:26:33,28
28/11/2020 20:27:14,49
28/11/2020 20:27:34,41
28/11/2020 20:28:14,5
28/11/2020 20:28:34,15
28/11/2020 20:29:15,9
28/11/2020 20:29:35,1
28/11/2020 20:30:16,5
28/11/2020 20:30:36,47
28/11/2020 20:31:17,7
28/11/2020 20:31:37,15
28/11/2020 20:32:17,29
28/11/2020 20:32:38,8
28/11/2020 20:33:18,48
28/11/2020 20:33:38,7
28/11/2020 20:26:13,16
28/11/2020 20:26:33,28
28/11/2020 20:27:14,49
28/11/2020 20:27:34,41
28/11/2020 20:28:14,5
28/11/2020 20:28:34,15
28/11/2020 20:29:15,9
28/11/2020 20:29:35,1
28/11/2020 20:30:16,5
28/11/2020 20:30:36,47
28/11/2020 20:31:17,7
28/11/2020 20:31:37,15
28/11/2020 20:32:17,29
28/11/2020 20:32:38,8
28/11/2020 20:33:18,48
28/11/2020 20:33:38,7
28/11/2020 20:34:19,40
28/11/2020 20:26:13,16
28/11/2020 20:26:33,28
28/11/2020 20:27:14,49
28/11/2020 20:27:34,41
28/11/2020 20:28:14,5
28/11/2020 20:28:34,15
28/11/2020 20:29:15,9
28/11/2020 20:29:35,1
28/11/2020 20:30:16,5
28/11/2020 20:30:36,47
28/11/2020 20:31:17,7
28/11/2020 20:31:37,15
28/11/2020 20:32:17,29
28/11/2020 20:32:38,8
28/11/2020 20:33:18,48
28/11/2020 20:33:38,7
28/11/2020 20:34:19,40
28/11/2020 20:34:39,48
28/11/2020 20:26:13,16
28/11/2020 20:26:33,28
28/11/2020 20:27:14,49
28/11/2020 20:27:34,41
28/11/2020 20:28:14,5
28/11/2020 20:28:34,15
28/11/2020 20:29:15,9
28/11/2020 20:29:35,1
28/11/2020 20:30:16,5
28/11/2020 20:30:36,47
28/11/2020 20:31:17,7
28/11/2020 20:31:37,15
28/11/2020 20:32:17,29
28/11/2020 20:32:38,8
28/11/2020 20:33:18,48
28/11/2020 20:33:38,7
28/11/2020 20:34:19,40
28/11/2020 20:34:39,48
28/11/2020 20:35:20,32
28/11/2020 20:26:13,16
28/11/2020 20:26:33,28
28/11/2020 20:27:14,49
28/11/2020 20:27:34,41
28/11/2020 20:28:14,5
28/11/2020 20:28:34,15
28/11/2020 20:29:15,9
28/11/2020 20:29:35,1
28/11/2020 20:30:16,5
28/11/2020 20:30:36,47
28/11/2020 20:31:17,7
28/11/2020 20:31:37,15
28/11/2020 20:32:17,29
28/11/2020 20:32:38,8
28/11/2020 20:33:18,48
28/11/2020 20:33:38,7
28/11/2020 20:34:19,40
28/11/2020 20:34:39,48
28/11/2020 20:35:20,32
28/11/2020 20:35:40,20
28/11/2020 20:26:13,16
28/11/2020 20:26:33,28
28/11/2020 20:27:14,49
28/11/2020 20:27:34,41
28/11/2020 20:28:14,5
28/11/2020 20:28:34,15
28/11/2020 20:29:15,9
28/11/2020 20:29:35,1
28/11/2020 20:30:16,5
28/11/2020 20:30:36,47
28/11/2020 20:31:17,7
28/11/2020 20:31:37,15
28/11/2020 20:32:17,29
28/11/2020 20:32:38,8
28/11/2020 20:33:18,48
28/11/2020 20:33:38,7
28/11/2020 20:34:19,40
28/11/2020 20:34:39,48
28/11/2020 20:35:20,32
28/11/2020 20:35:40,20
28/11/2020 20:36:20,15
28/11/2020 20:26:13,16
28/11/2020 20:26:33,28
28/11/2020 20:27:14,49
28/11/2020 20:27:34,41
28/11/2020 20:28:14,5
28/11/2020 20:28:34,15
28/11/2020 20:29:15,9
28/11/2020 20:29:35,1
28/11/2020 20:30:16,5
28/11/2020 20:30:36,47
28/11/2020 20:31:17,7
28/11/2020 20:31:37,15
28/11/2020 20:32:17,29
28/11/2020 20:32:38,8
28/11/2020 20:33:18,48
28/11/2020 20:33:38,7
28/11/2020 20:34:19,40
28/11/2020 20:34:39,48
28/11/2020 20:35:20,32
28/11/2020 20:35:40,20
28/11/2020 20:36:20,15
28/11/2020 20:36:40,5
28/11/2020 20:26:13,16
28/11/2020 20:26:33,28
28/11/2020 20:27:14,49
28/11/2020 20:27:34,41
28/11/2020 20:28:14,5
28/11/2020 20:28:34,15
28/11/2020 20:29:15,9
28/11/2020 20:29:35,1
28/11/2020 20:30:16,5
28/11/2020 20:30:36,47
28/11/2020 20:31:17,7
28/11/2020 20:31:37,15
28/11/2020 20:32:17,29
28/11/2020 20:32:38,8
28/11/2020 20:33:18,48
28/11/2020 20:33:38,7
28/11/2020 20:34:19,40
28/11/2020 20:34:39,48
28/11/2020 20:35:20,32
28/11/2020 20:35:40,20
28/11/2020 20:36:20,15
28/11/2020 20:36:40,5
28/11/2020 20:37:21,8
28/11/2020 20:26:13,16
28/11/2020 20:26:33,28
28/11/2020 20:27:14,49
28/11/2020 20:27:34,41
28/11/2020 20:28:14,5
28/11/2020 20:28:34,15
28/11/2020 20:29:15,9
28/11/2020 20:29:35,1
28/11/2020 20:30:16,5
28/11/2020 20:30:36,47
28/11/2020 20:31:17,7
28/11/2020 20:31:37,15
28/11/2020 20:32:17,29
28/11/2020 20:32:38,8
28/11/2020 20:33:18,48
28/11/2020 20:33:38,7
28/11/2020 20:34:19,40
28/11/2020 20:34:39,48
28/11/2020 20:35:20,32
28/11/2020 20:35:40,20
28/11/2020 20:36:20,15
28/11/2020 20:36:40,5
28/11/2020 20:37:21,8
28/11/2020 20:37:41,21
28/11/2020 20:26:13,16
28/11/2020 20:26:33,28
28/11/2020 20:27:14,49
28/11/2020 20:27:34,41
28/11/2020 20:28:14,5
28/11/2020 20:28:34,15
28/11/2020 20:29:15,9
28/11/2020 20:29:35,1
28/11/2020 20:30:16,5
28/11/2020 20:30:36,47
28/11/2020 20:31:17,7
28/11/2020 20:31:37,15
28/11/2020 20:32:17,29
28/11/2020 20:32:38,8
28/11/2020 20:33:18,48
28/11/2020 20:33:38,7
28/11/2020 20:34:19,40
28/11/2020 20:34:39,48
28/11/2020 20:35:20,32
28/11/2020 20:35:40,20
28/11/2020 20:36:20,15
28/11/2020 20:36:40,5
28/11/2020 20:37:21,8
28/11/2020 20:37:41,21
28/11/2020 20:38:22,3
28/11/2020 20:26:13,16
28/11/2020 20:26:33,28
28/11/2020 20:27:14,49
28/11/2020 20:27:34,41
28/11/2020 20:28:14,5
28/11/2020 20:28:34,15
28/11/2020 20:29:15,9
28/11/2020 20:29:35,1
28/11/2020 20:30:16,5
28/11/2020 20:30:36,47
28/11/2020 20:31:17,7
28/11/2020 20:31:37,15
28/11/2020 20:32:17,29
28/11/2020 20:32:38,8
28/11/2020 20:33:18,48
28/11/2020 20:33:38,7
28/11/2020 20:34:19,40
28/11/2020 20:34:39,48
28/11/2020 20:35:20,32
28/11/2020 20:35:40,20
28/11/2020 20:36:20,15
28/11/2020 20:36:40,5
28/11/2020 20:37:21,8
28/11/2020 20:37:41,21
28/11/2020 20:38:22,3
28/11/2020 20:38:42,20
28/11/2020 20:26:13,16
28/11/2020 20:26:33,28
28/11/2020 20:27:14,49
28/11/2020 20:27:34,41
28/11/2020 20:28:14,5
28/11/2020 20:28:34,15
28/11/2020 20:29:15,9
28/11/2020 20:29:35,1
28/11/2020 20:30:16,5
28/11/2020 20:30:36,47
28/11/2020 20:31:17,7
28/11/2020 20:31:37,15
28/11/2020 20:32:17,29
28/11/2020 20:32:38,8
28/11/2020 20:33:18,48
28/11/2020 20:33:38,7
28/11/2020 20:34:19,40
28/11/2020 20:34:39,48
28/11/2020 20:35:20,32
28/11/2020 20:35:40,20
28/11/2020 20:36:20,15
28/11/2020 20:36:40,5
28/11/2020 20:37:21,8
28/11/2020 20:37:41,21
28/11/2020 20:38:22,3
28/11/2020 20:38:42,20
28/11/2020 20:39:22,18
28/11/2020 20:26:13,16
28/11/2020 20:26:33,28
28/11/2020 20:27:14,49
28/11/2020 20:27:34,41
28/11/2020 20:28:14,5
28/11/2020 20:28:34,15
28/11/2020 20:29:15,9
28/11/2020 20:29:35,1
28/11/2020 20:30:16,5
28/11/2020 20:30:36,47
28/11/2020 20:31:17,7
28/11/2020 20:31:37,15
28/11/2020 20:32:17,29
28/11/2020 20:32:38,8
28/11/2020 20:33:18,48
28/11/2020 20:33:38,7
28/11/2020 20:34:19,40
28/11/2020 20:34:39,48
28/11/2020 20:35:20,32
28/11/2020 20:35:40,20
28/11/2020 20:36:20,15
28/11/2020 20:36:40,5
28/11/2020 20:37:21,8
28/11/2020 20:37:41,21
28/11/2020 20:38:22,3
28/11/2020 20:38:42,20
28/11/2020 20:39:22,18
28/11/2020 20:39:43,16
28/11/2020 20:26:13,16
28/11/2020 20:26:33,28
28/11/2020 20:27:14,49
28/11/2020 20:27:34,41
28/11/2020 20:28:14,5
28/11/2020 20:28:34,15
28/11/2020 20:29:15,9
28/11/2020 20:29:35,1
28/11/2020 20:30:16,5
28/11/2020 20:30:36,47
28/11/2020 20:31:17,7
28/11/2020 20:31:37,15
28/11/2020 20:32:17,29
28/11/2020 20:32:38,8
28/11/2020 20:33:18,48
28/11/2020 20:33:38,7
28/11/2020 20:34:19,40
28/11/2020 20:34:39,48
28/11/2020 20:35:20,32
28/11/2020 20:35:40,20
28/11/2020 20:36:20,15
28/11/2020 20:36:40,5
28/11/2020 20:37:21,8
28/11/2020 20:37:41,21
28/11/2020 20:38:22,3
28/11/2020 20:38:42,20
28/11/2020 20:39:22,18
28/11/2020 20:39:43,16
28/11/2020 20:40:23,10
28/11/2020 20:26:13,16
28/11/2020 20:26:33,28
28/11/2020 20:27:14,49
28/11/2020 20:27:34,41
28/11/2020 20:28:14,5
28/11/2020 20:28:34,15
28/11/2020 20:29:15,9
28/11/2020 20:29:35,1
28/11/2020 20:30:16,5
28/11/2020 20:30:36,47
28/11/2020 20:31:17,7
28/11/2020 20:31:37,15
28/11/2020 20:32:17,29
28/11/2020 20:32:38,8
28/11/2020 20:33:18,48
28/11/2020 20:33:38,7
28/11/2020 20:34:19,40
28/11/2020 20:34:39,48
28/11/2020 20:35:20,32
28/11/2020 20:35:40,20
28/11/2020 20:36:20,15
28/11/2020 20:36:40,5
28/11/2020 20:37:21,8
28/11/2020 20:37:41,21
28/11/2020 20:38:22,3
28/11/2020 20:38:42,20
28/11/2020 20:39:22,18
28/11/2020 20:39:43,16
28/11/2020 20:40:23,10
28/11/2020 20:40:43,4
28/11/2020 20:26:13,16
28/11/2020 20:26:33,28
28/11/2020 20:27:14,49
28/11/2020 20:27:34,41
28/11/2020 20:28:14,5
28/11/2020 20:28:34,15
28/11/2020 20:29:15,9
28/11/2020 20:29:35,1
28/11/2020 20:30:16,5
28/11/2020 20:30:36,47
28/11/2020 20:31:17,7
28/11/2020 20:31:37,15
28/11/2020 20:32:17,29
28/11/2020 20:32:38,8
28/11/2020 20:33:18,48
28/11/2020 20:33:38,7
28/11/2020 20:34:19,40
28/11/2020 20:34:39,48
28/11/2020 20:35:20,32
28/11/2020 20:35:40,20
28/11/2020 20:36:20,15
28/11/2020 20:36:40,5
28/11/2020 20:37:21,8
28/11/2020 20:37:41,21
28/11/2020 20:38:22,3
28/11/2020 20:38:42,20
28/11/2020 20:39:22,18
28/11/2020 20:39:43,16
28/11/2020 20:40:23,10
28/11/2020 20:40:43,4
28/11/2020 20:41:24,3
28/11/2020 20:26:13,16
28/11/2020 20:26:33,28
28/11/2020 20:27:14,49
28/11/2020 20:27:34,41
28/11/2020 20:28:14,5
28/11/2020 20:28:34,15
28/11/2020 20:29:15,9
28/11/2020 20:29:35,1
28/11/2020 20:30:16,5
28/11/2020 20:30:36,47
28/11/2020 20:31:17,7
28/11/2020 20:31:37,15
28/11/2020 20:32:17,29
28/11/2020 20:32:38,8
28/11/2020 20:33:18,48
28/11/2020 20:33:38,7
28/11/2020 20:34:19,40
28/11/2020 20:34:39,48
28/11/2020 20:35:20,32
28/11/2020 20:35:40,20
28/11/2020 20:36:20,15
28/11/2020 20:36:40,5
28/11/2020 20:37:21,8
28/11/2020 20:37:41,21
28/11/2020 20:38:22,3
28/11/2020 20:38:42,20
28/11/2020 20:39:22,18
28/11/2020 20:39:43,16
28/11/2020 20:40:23,10
28/11/2020 20:40:43,4
28/11/2020 20:41:24,3
28/11/2020 20:41:44,49
28/11/2020 20:26:13,16
28/11/2020 20:26:33,28
28/11/2020 20:27:14,49
28/11/2020 20:27:34,41
28/11/2020 20:28:14,5
28/11/2020 20:28:34,15
28/11/2020 20:29:15,9
28/11/2020 20:29:35,1
28/11/2020 20:30:16,5
28/11/2020 20:30:36,47
28/11/2020 20:31:17,7
28/11/2020 20:31:37,15
28/11/2020 20:32:17,29
28/11/2020 20:32:38,8
28/11/2020 20:33:18,48
28/11/2020 20:33:38,7
28/11/2020 20:34:19,40
28/11/2020 20:34:39,48
28/11/2020 20:35:20,32
28/11/2020 20:35:40,20
28/11/2020 20:36:20,15
28/11/2020 20:36:40,5
28/11/2020 20:37:21,8
28/11/2020 20:37:41,21
28/11/2020 20:38:22,3
28/11/2020 20:38:42,20
28/11/2020 20:39:22,18
28/11/2020 20:39:43,16
28/11/2020 20:40:23,10
28/11/2020 20:40:43,4
28/11/2020 20:41:24,3
28/11/2020 20:41:44,49
28/11/2020 20:42:26,22
28/11/2020 20:26:13,16
28/11/2020 20:26:33,28
28/11/2020 20:27:14,49
28/11/2020 20:27:34,41
28/11/2020 20:28:14,5
28/11/2020 20:28:34,15
28/11/2020 20:29:15,9
28/11/2020 20:29:35,1
28/11/2020 20:30:16,5
28/11/2020 20:30:36,47
28/11/2020 20:31:17,7
28/11/2020 20:31:37,15
28/11/2020 20:32:17,29
28/11/2020 20:32:38,8
28/11/2020 20:33:18,48
28/11/2020 20:33:38,7
28/11/2020 20:34:19,40
28/11/2020 20:34:39,48
28/11/2020 20:35:20,32
28/11/2020 20:35:40,20
28/11/2020 20:36:20,15
28/11/2020 20:36:40,5
28/11/2020 20:37:21,8
28/11/2020 20:37:41,21
28/11/2020 20:38:22,3
28/11/2020 20:38:42,20
28/11/2020 20:39:22,18
28/11/2020 20:39:43,16
28/11/2020 20:40:23,10
28/11/2020 20:40:43,4
28/11/2020 20:41:24,3
28/11/2020 20:41:44,49
28/11/2020 20:42:26,22
28/11/2020 20:45:35,20
28/11/2020 20:26:13,16
28/11/2020 20:26:33,28
28/11/2020 20:27:14,49
28/11/2020 20:27:34,41
28/11/2020 20:28:14,5
28/11/2020 20:28:34,15
28/11/2020 20:29:15,9
28/11/2020 20:29:35,1
28/11/2020 20:30:16,5
28/11/2020 20:30:36,47
28/11/2020 20:31:17,7
28/11/2020 20:31:37,15
28/11/2020 20:32:17,29
28/11/2020 20:32:38,8
28/11/2020 20:33:18,48
28/11/2020 20:33:38,7
28/11/2020 20:34:19,40
28/11/2020 20:34:39,48
28/11/2020 20:35:20,32
28/11/2020 20:35:40,20
28/11/2020 20:36:20,15
28/11/2020 20:36:40,5
28/11/2020 20:37:21,8
28/11/2020 20:37:41,21
28/11/2020 20:38:22,3
28/11/2020 20:38:42,20
28/11/2020 20:39:22,18
28/11/2020 20:39:43,16
28/11/2020 20:40:23,10
28/11/2020 20:40:43,4
28/11/2020 20:41:24,3
28/11/2020 20:41:44,49
28/11/2020 20:42:26,22
28/11/2020 20:45:35,20
28/11/2020 20:45:36,778
28/11/2020 20:26:13,16
28/11/2020 20:26:33,28
28/11/2020 20:27:14,49
28/11/2020 20:27:34,41
28/11/2020 20:28:14,5
28/11/2020 20:28:34,15
28/11/2020 20:29:15,9
28/11/2020 20:29:35,1
28/11/2020 20:30:16,5
28/11/2020 20:30:36,47
28/11/2020 20:31:17,7
28/11/2020 20:31:37,15
28/11/2020 20:32:17,29
28/11/2020 20:32:38,8
28/11/2020 20:33:18,48
28/11/2020 20:33:38,7
28/11/2020 20:34:19,40
28/11/2020 20:34:39,48
28/11/2020 20:35:20,32
28/11/2020 20:35:40,20
28/11/2020 20:36:20,15
28/11/2020 20:36:40,5
28/11/2020 20:37:21,8
28/11/2020 20:37:41,21
28/11/2020 20:38:22,3
28/11/2020 20:38:42,20
28/11/2020 20:39:22,18
28/11/2020 20:39:43,16
28/11/2020 20:40:23,10
28/11/2020 20:40:43,4
28/11/2020 20:41:24,3
28/11/2020 20:41:44,49
28/11/2020 20:42:26,22
28/11/2020 20:45:35,20
28/11/2020 20:45:36,778
28/11/2020 20:45:56,49
28/11/2020 20:26:13,16
28/11/2020 20:26:33,28
28/11/2020 20:27:14,49
28/11/2020 20:27:34,41
28/11/2020 20:28:14,5
28/11/2020 20:28:34,15
28/11/2020 20:29:15,9
28/11/2020 20:29:35,1
28/11/2020 20:30:16,5
28/11/2020 20:30:36,47
28/11/2020 20:31:17,7
28/11/2020 20:31:37,15
28/11/2020 20:32:17,29
28/11/2020 20:32:38,8
28/11/2020 20:33:18,48
28/11/2020 20:33:38,7
28/11/2020 20:34:19,40
28/11/2020 20:34:39,48
28/11/2020 20:35:20,32
28/11/2020 20:35:40,20
28/11/2020 20:36:20,15
28/11/2020 20:36:40,5
28/11/2020 20:37:21,8
28/11/2020 20:37:41,21
28/11/2020 20:38:22,3
28/11/2020 20:38:42,20
28/11/2020 20:39:22,18
28/11/2020 20:39:43,16
28/11/2020 20:40:23,10
28/11/2020 20:40:43,4
28/11/2020 20:41:24,3
28/11/2020 20:41:44,49
28/11/2020 20:42:26,22
28/11/2020 20:45:35,20
28/11/2020 20:45:36,778
28/11/2020 20:45:56,49
28/11/2020 20:45:56,1621
28/11/2020 20:26:13,16
28/11/2020 20:26:33,28
28/11/2020 20:27:14,49
28/11/2020 20:27:34,41
28/11/2020 20:28:14,5
28/11/2020 20:28:34,15
28/11/2020 20:29:15,9
28/11/2020 20:29:35,1
28/11/2020 20:30:16,5
28/11/2020 20:30:36,47
28/11/2020 20:31:17,7
28/11/2020 20:31:37,15
28/11/2020 20:32:17,29
28/11/2020 20:32:38,8
28/11/2020 20:33:18,48
28/11/2020 20:33:38,7
28/11/2020 20:34:19,40
28/11/2020 20:34:39,48
28/11/2020 20:35:20,32
28/11/2020 20:35:40,20
28/11/2020 20:36:20,15
28/11/2020 20:36:40,5
28/11/2020 20:37:21,8
28/11/2020 20:37:41,21
28/11/2020 20:38:22,3
28/11/2020 20:38:42,20
28/11/2020 20:39:22,18
28/11/2020 20:39:43,16
28/11/2020 20:40:23,10
28/11/2020 20:40:43,4
28/11/2020 20:41:24,3
28/11/2020 20:41:44,49
28/11/2020 20:42:26,22
28/11/2020 20:45:35,20
28/11/2020 20:45:36,778
28/11/2020 20:45:56,49
28/11/2020 20:45:56,1621
28/11/2020 20:46:37,0
28/11/2020 20:26:13,16
28/11/2020 20:26:33,28
28/11/2020 20:27:14,49
28/11/2020 20:27:34,41
28/11/2020 20:28:14,5
28/11/2020 20:28:34,15
28/11/2020 20:29:15,9
28/11/2020 20:29:35,1
28/11/2020 20:30:16,5
28/11/2020 20:30:36,47
28/11/2020 20:31:17,7
28/11/2020 20:31:37,15
28/11/2020 20:32:17,29
28/11/2020 20:32:38,8
28/11/2020 20:33:18,48
28/11/2020 20:33:38,7
28/11/2020 20:34:19,40
28/11/2020 20:34:39,48
28/11/2020 20:35:20,32
28/11/2020 20:35:40,20
28/11/2020 20:36:20,15
28/11/2020 20:36:40,5
28/11/2020 20:37:21,8
28/11/2020 20:37:41,21
28/11/2020 20:38:22,3
28/11/2020 20:38:42,20
28/11/2020 20:39:22,18
28/11/2020 20:39:43,16
28/11/2020 20:40:23,10
28/11/2020 20:40:43,4
